post_title,post_name,post_parent,ID,post_content,post_excerpt,post_status,post_password,menu_order,post_date,post_author,comment_status,sku,parent_sku,children,downloadable,virtual,stock,regular_price,sale_price,weight,length,width,height,tax_class,visibility,stock_status,backorders,sold_individually,low_stock_amount,manage_stock,tax_status,upsell_ids,crosssell_ids,purchase_note,sale_price_dates_from,sale_price_dates_to,download_limit,download_expiry,product_url,button_text,images,downloadable_files,product_page_url,meta:total_sales,meta:_global_unique_id,tax:product_brand,tax:product_type,tax:product_visibility,tax:product_cat,tax:product_tag,tax:product_shipping_class,tax:pos_product_visibility,attribute:Size,attribute_data:Size,attribute:lemon,attribute_data:lemon
"NIPPLE KELINCI STAINLESS 1 PCS - Nippel untuk Hamster Marmut Kelinci Otomatis",nipple-kelinci-stainless-1-pcs-nippel-untuk-hamster-marmut-kelinci-otomatis,,94,"<strong>NIPPLE KELINCI STAINLESS KOMPLIT</strong>

<strong>Deskripsi:</strong>

100% baru dan berkualitas tinggi. Bagus untuk Kelinci, Ferrets, Chinchilla atau hewan kecil lainnya, Dapat digunakan dengan berbagai kandang kawat. Tanpa tumpah dan berendam, untuk memastikan kelinci bisa mendapatkan air bersih dan segar. Sangat mudah digunakan, cukup hubungkan ke pipa selang dan kaitkan ke kandang kelinci, hemat tenaga dan waktu Anda. Datang dengan pegas kecil yang dapat memperbaiki puting pada kawat. Setiap peminum memiliki tiga bagian: nosel air, pegas, T-ayam (Seperti yang ditunjukkan gambar).

<strong>Fitur:</strong>
<ul>
 	<li>Bahan: Stainless Steel, Plastik.</li>
 	<li>Ukuran Nozzle Air: kira-kira. 35mm x 28mm.</li>
 	<li>T Tubing ukuran: 3,4 * 3,8 cm.</li>
</ul>",,Published,,0,"2026-07-02 17:19:13",1,open,TTS00001,,,no,no,,3510,,100,3,7,2,,,instock,no,no,,no,taxable,,,,,,'-1,'-1,,,"http://localhost:8000/wp-content/uploads/2026/07/Nipple-Kelinci-Stainless-1-Pcs-_-Pak-Sonny.png ! alt :  ! title : Nipple-Kelinci-Stainless-1-Pcs-_-Pak-Sonny.png ! desc :  ! caption : ",,http://localhost:8000/product/nipple-kelinci-stainless-1-pcs-nippel-untuk-hamster-marmut-kelinci-otomatis/,0,,,simple,,"Perlengakapan Ternak",,,,,,,
"NIPPLE KELINCI STAINLES ISI 10 - Nipel Hamster Marmut Kelinci Otomatis",nipple-kelinci-stainles-isi-10-nipel-hamster-marmut-kelinci-otomatis,,95,"<strong>NIPPLE KELINCI STAINLESS KOMPLIT 10 PCS</strong>

<strong>Deskripsi:</strong>

100% baru dan berkualitas tinggi. Bagus untuk Kelinci, Ferrets, Chinchilla atau hewan kecil lainnya, Dapat digunakan dengan berbagai kandang kawat. Tanpa tumpah dan berendam, untuk memastikan kelinci bisa mendapatkan air bersih dan segar. Sangat mudah digunakan, cukup hubungkan ke pipa selang dan kaitkan ke kandang kelinci, hemat tenaga dan waktu Anda. Datang dengan pegas kecil yang dapat memperbaiki puting pada kawat. Setiap peminum memiliki tiga bagian: nosel air, pegas, T-ayam (Seperti yang ditunjukkan gambar).

<strong>Fitur:</strong>
<ul>
 	<li>Bahan: Stainless Steel, Plastik.</li>
 	<li>Ukuran Nozzle Air: kira-kira. 35mm x 28mm.</li>
 	<li>T Tubing ukuran: 3,4 * 3,8 cm.</li>
</ul>",,Published,,0,"2026-07-02 17:19:13",1,open,TTS00001X10,,,no,no,,30150,,90,5,14,6,,,instock,no,no,,no,taxable,,,,,,'-1,'-1,,,"http://localhost:8000/wp-content/uploads/2026/07/Nipple-Kelinci-Stainless-10-Pcs-Pak-Sonny.png ! alt :  ! title : Nipple-Kelinci-Stainless-10-Pcs-Pak-Sonny.png ! desc :  ! caption : ",,http://localhost:8000/product/nipple-kelinci-stainles-isi-10-nipel-hamster-marmut-kelinci-otomatis/,0,,,simple,,"Perlengakapan Ternak",,,,,,,
"TEDUN 10 KAPSUL EKA FARMA - Untuk Ayam Turun Urat,Kaki Pincang, Bengkak Bubul, Iritasi, Luka.",tedun-10-kapsul-eka-farma-untuk-ayam-turun-uratkaki-pincang-bengkak-bubul-iritasi-luka,,96,"<strong>TEDUN 10 KAPSUL</strong>

Mengobati penyakit tedun pada ayam

<strong>ATURAN PAKAI:</strong>
<ul>
 	<li>Pencegahan : 2 x 1 kapsul/hari sebelum tanding</li>
 	<li>Pengobatan : 3 x 1 kapsul/hari selama 1 – 2 minggu sampai sembuh</li>
</ul>
<strong>Selamat Belanja!</strong>",,Published,,0,"2026-07-02 17:19:13",1,open,TTS00002,,,no,no,,6550,,50,6,15,6,,,instock,no,no,,no,taxable,,,,,,'-1,'-1,,,"http://localhost:8000/wp-content/uploads/2026/07/Tedun-10-Kapsul-_-Eka-Farma.png ! alt :  ! title : Tedun-10-Kapsul-_-Eka-Farma.png ! desc :  ! caption : ",,http://localhost:8000/product/tedun-10-kapsul-eka-farma-untuk-ayam-turun-uratkaki-pincang-bengkak-bubul-iritasi-luka/,0,,,simple,,"Antibiotik & Anti Inflamasi",,,,,,,
"DURACOX HC 100 GRAM 1 PCS - Anti Koksi & Malaria Untuk Unggas Seperti Ayam, Bebek, Puyuh, Dll.",duracox-hc-100-gram-1-pcs-anti-koksi-malaria-untuk-unggas-seperti-ayam-bebek-puyuh-dll,,97,"<strong>Duracox HC</strong> adalah kombinasi dua bahan aktif yang bekerja secara sinergis dan memberikan efek potensiasi untuk penanganan Coccidiosis dan malaria pada unggas yang disebabkan oleh Protozoa.

<strong>INDIKASI:</strong>
<ul>
 	<li>Mengobati Coccidiosis dan Malaria</li>
</ul>
<strong>DOSIS DAN ATURAN PAKAI:</strong>
<ul>
 	<li>2g/l air minum selama 3 hari berselang (2 x minggu)</li>
</ul>
<strong>KOMPOSISI:</strong>
<ul>
 	<li>Tiap kg mengandung:</li>
 	<li>Sulfaquinoxaline ....... 40g</li>
 	<li>Diaveridine ................. 10g</li>
</ul>
<strong>PERHATIAN</strong>

Simpan di tempat sejuk, kering dan tertutup rapat.

<strong>NETTO</strong>

Sachet 100g

<strong>Selamat belanja!</strong>",,Published,,0,"2026-07-02 17:19:13",1,open,TTS00003,,,no,no,,24900,,125,5,14,4,,,instock,no,no,,no,taxable,,,,,,'-1,'-1,,,"http://localhost:8000/wp-content/uploads/2026/07/Duracox-Hc-100-Gram-_-Agrinusa.png ! alt :  ! title : Duracox-Hc-100-Gram-_-Agrinusa.png ! desc :  ! caption : ",,http://localhost:8000/product/duracox-hc-100-gram-1-pcs-anti-koksi-malaria-untuk-unggas-seperti-ayam-bebek-puyuh-dll/,0,,,simple,,"Obat Unggas",,,,,,,
"DURACOX HC 100 GRAM 10 PCS BY AGRINUSA LEBIH MURAH - Untuk Anti Koksi & Malaria Pada Unggas Seperti Ayam, Bebek",duracox-hc-100-gram-10-pcs-by-agrinusa-lebih-murah-untuk-anti-koksi-malaria-pada-unggas-seperti-ayam-bebek,,98,"<strong>10 PCS DURACOX HC 100 GRAM BY AGRINUSA LEBIH MURAH</strong>

<strong>Duracox HC</strong> adalah kombinasi dua bahan aktif yang bekerja secara sinergis dan memberikan efek potensiasi untuk penanganan Coccidiosis dan malaria pada unggas yang disebabkan oleh Protozoa.

<strong>DOSIS DAN ATURAN PAKAI:</strong>
<ul>
 	<li>2g/l air minum selama 3 hari berselang (2 x minggu)</li>
</ul>
<strong>ISI:</strong>
<ul>
 	<li>10 PCS</li>
</ul>",,Published,,0,"2026-07-02 17:19:13",1,open,TTS00003X10,,,no,no,,234900,,120,5,14,4,,,instock,no,no,,no,taxable,,,,,,'-1,'-1,,,"http://localhost:8000/wp-content/uploads/2026/07/Duracox-Hc-100-Gram-_-Agrinusa-10-Pcs.jpg ! alt :  ! title : Duracox-Hc-100-Gram-_-Agrinusa-10-Pcs.jpg ! desc :  ! caption : ",,http://localhost:8000/product/duracox-hc-100-gram-10-pcs-by-agrinusa-lebih-murah-untuk-anti-koksi-malaria-pada-unggas-seperti-ayam-bebek/,0,,,simple,,"Obat Unggas",,,,,,,
"LIMOXIN 50 ISI 100 ML - AB Untuk Hewan Ternak Sapi",limoxin-50-isi-100-ml-ab-untuk-hewan-ternak-sapi,,99,"<strong>LIMOXIN-50</strong>

<strong>DOSIS PEMAKAIAN:</strong>

<strong>- Sapi, Kerbau, Kuda</strong>
<ul>
 	<li>&lt; 50 kg = 2 - 4 ml</li>
 	<li>50-100 kg = 4 - 8 ml</li>
 	<li>&gt; 100 kg = tiap kenaikan 25 kg dosis ditambah 2 ml</li>
</ul>
<strong>- Babi, Domba, Kambing</strong>
<ul>
 	<li>&lt; 5 kg = 0,5 - 1 ml</li>
 	<li>5-15 kg = 1 - 2 ml</li>
 	<li>15-30 kg = 2 - 4 ml</li>
 	<li>50 kg = 5 ml</li>
 	<li>&gt; 50 kg = Tiap kenaikan 25 kg dosis ditambah 1 ml</li>
</ul>
<strong>- Anjing, Kucing </strong>
<ul>
 	<li>0,5 - 2 ml</li>
</ul>
<strong>- Ayam</strong>
<ul>
 	<li>0,5 - 1 ml</li>
</ul>
- Pada induk babi, suntikan Limoxin-50 sebanyak 7 ml per 50 kg berat badan 8 jam sebelum atau segera setelah melahirkan untuk mencegah mencret pada anak babi yang disebabkan E. coli atau bakteri lain

<strong>Kemasan </strong>= Vial 100 ml

&nbsp;",,Published,,0,"2026-07-02 17:19:14",1,open,TTS00004,,,no,no,,62714,,250,6,12,6,,,outofstock,no,no,,no,taxable,,,,,,'-1,'-1,,,"http://localhost:8000/wp-content/uploads/2026/07/Limoxin-50-Isi-100-ml-_-TMC.png ! alt :  ! title : Limoxin-50-Isi-100-ml-_-TMC.png ! desc :  ! caption : ",,http://localhost:8000/product/limoxin-50-isi-100-ml-ab-untuk-hewan-ternak-sapi/,0,,,simple,outofstock,"Antibiotik & Anti Inflamasi",,,,,,,
"SUSU PAP 10 KG - Susu Pap Kemasan 10 kg Untuk Hewan Ternak Usia Di Bawah 6 Bulan.",susu-pap-10-kg-susu-pap-kemasan-10-kg-untuk-hewan-ternak-usia-di-bawah-6-bulan,,100,"<strong>Susu Pap</strong> Adalah Pakan Komplit ( Konsentrat ) Yang Diberikan Untuk Anakan Sapi Perah ( Pedet )

<strong>Berat :</strong> 10 Kg

<strong>Bentuk :</strong> Pelet

Bisa Digunakan Sebagai Makanan Untuk Hewan :
<ul>
 	<li>Anakan Sapi Umur Dibawah 6 Bulan</li>
</ul>",,Published,,0,"2026-07-02 17:19:14",1,open,TTS00005,,,no,no,,109286,,10250,13,30,15,,,instock,no,no,,no,taxable,,,,,,'-1,'-1,,,"http://localhost:8000/wp-content/uploads/2026/07/Susu-Pap-10-kg-_-Japfa.png ! alt :  ! title : Susu-Pap-10-kg-_-Japfa.png ! desc :  ! caption : ",,http://localhost:8000/product/susu-pap-10-kg-susu-pap-kemasan-10-kg-untuk-hewan-ternak-usia-di-bawah-6-bulan/,0,,,simple,,"Susu Ternak",,,,,,,
"AGRISELVIT 100 GRAM - Meningkatkan Produktivitas & Imunitas Ayam",agriselvit-100-gram-meningkatkan-produktivitas-imunitas-ayam,,101,"<strong>AGRISELVIT 100 GRAM</strong>

<strong>DESCRIPTION</strong>

Kombinasi multivitamin dan selenium dalam bentuk serbuk larut air.

<strong>KOMPOSISI</strong>

Tiap kg mengandung

Vitamin A.....................1.500.000 IU

Vitamin E..................................4,5 g

Vitamin B12.........................0,001 g

Vitamin B2.............................0,21 g

Vitamin B6.............................0,25 g

Vitamin C...............................0,25 g

Vitamin K3..................................2 g

Vitamin B1..................................1 g

Folic Acid...............................0,05 g

Na...............................................5 g

Ca................................................4 g

K..................................................5 g

Mg...............................................4 g

Selenium.............................0.036 g

Nico-tinami-de............................2 g

Ca-d-panthothenate...................1 g

<strong>INDIKASI</strong>

Antidefisiensi vitamin dan mineral, memperbaiki reproduksi, antioksidan untuk pertahanan sel dari radikal bebas dan toksin serta kesuburan dan daya tetas.

<strong>DOSIS DAN CARA PEMBERIAN</strong>
<ul>
 	<li>Pemberian melalui air minum dengan dosis 1 g/2 L air selama 3-5 hari, atau 1 kg per ton pakan atau 1 kg untuk 8 rb ekor. Untuk pullet usia 10-20 minggu dan fase layer (bertelur) umur 30 minggu ke atas</li>
</ul>
<strong>KEMASAN</strong>
<ul>
 	<li>100 gram</li>
</ul>
<strong>Selamat Belanja!</strong>",,Published,,0,"2026-07-02 17:19:14",1,open,TTS00006,,,no,no,,18000,,125,5,14,4,,,instock,no,no,,no,taxable,,,,,,'-1,'-1,,,"http://localhost:8000/wp-content/uploads/2026/07/Agriselvit-100-Gram.png ! alt :  ! title : Agriselvit-100-Gram.png ! desc :  ! caption : ",,http://localhost:8000/product/agriselvit-100-gram-meningkatkan-produktivitas-imunitas-ayam/,0,,,simple,,"Vitamin & Suplemen Ternak & Unggas",,,,,,,
"10 PCS AGRISELVIT 100 GRAM BY AGRINUSA LEBIH MURAH - Untuk Meningkatkan Produktivitas & Imunitas Pada Unggas Ayam",10-pcs-agriselvit-100-gram-by-agrinusa-lebih-murah-untuk-meningkatkan-produktivitas-imunitas-pada-unggas-ayam,,102,"<strong>ISI 10 AGRISELVIT 100 GRAM BY AGRINUSA LEBIH MURAH</strong>

<strong>DESCRIPTION</strong>

Kombinasi multivitamin dan selenium dalam bentuk serbuk larut air.

<strong>INDIKASI</strong>

Antidefisiensi vitamin dan mineral, memperbaiki reproduksi, antioksidan untuk pertahanan sel dari radikal bebas dan toksin serta kesuburan dan daya tetas.

<strong>DOSIS DAN CARA PEMBERIAN</strong>
<ul>
 	<li>Pemberian melalui air minum dengan dosis 1 g/2 L air selama 3-5 hari, atau 1 kg per ton pakan atau 1 kg untuk 8 rb ekor. Untuk pullet usia 10-20 minggu dan fase layer (bertelur) umur 30 minggu ke atas</li>
</ul>
<strong>ISI</strong>
<ul>
 	<li>10 PCS</li>
</ul>",,Published,,0,"2026-07-02 17:19:14",1,open,TTS00006X10,,,no,no,,173000,,120,5,14,4,,,instock,no,no,,no,taxable,,,,,,'-1,'-1,,,"http://localhost:8000/wp-content/uploads/2026/07/Agriselvit-100-Gram.png ! alt :  ! title : Agriselvit-100-Gram.png ! desc :  ! caption : ",,http://localhost:8000/product/10-pcs-agriselvit-100-gram-by-agrinusa-lebih-murah-untuk-meningkatkan-produktivitas-imunitas-pada-unggas-ayam/,0,,,simple,,"Vitamin & Suplemen Ternak & Unggas",,,,,,,
"DOPPING AYAM 10 KAPSUL by EKA FARMA - Suplemen Penambah Stamina Untuk Ayam.",dopping-ayam-10-kapsul-by-eka-farma-suplemen-penambah-stamina-untuk-ayam,,103,"<strong>DOPPING 10 KAPSUL EKA FARMA</strong>

<strong>INDIKASI</strong>
<ul>
 	<li>Menambah tenaga</li>
 	<li>Memperpanjang nafas</li>
 	<li>Tidak mudah lelah</li>
 	<li>Lebih gesit</li>
 	<li>Lebih berani dan pantang mundur</li>
 	<li>Membuat otot-otot lebih kuat dan elastis</li>
</ul>
<strong>ATURAN PAKAI :</strong>

Berikan 30 menit sebelum ayam berlaga 1-2 kapsul

<strong>Selamat Belanja!</strong>",,Published,,0,"2026-07-02 17:19:14",1,open,TTS00007,,,no,no,,10465,,100,6,15,6,,,instock,no,no,,no,taxable,,,,,,'-1,'-1,,,"http://localhost:8000/wp-content/uploads/2026/07/Dopping-Ayam-10-Kapsul-_-Eka-Farma.png ! alt :  ! title : Dopping-Ayam-10-Kapsul-_-Eka-Farma.png ! desc :  ! caption : ",,http://localhost:8000/product/dopping-ayam-10-kapsul-by-eka-farma-suplemen-penambah-stamina-untuk-ayam/,0,,,simple,,"Obat Unggas",,,,,,,
"MIXPRO PREMIX SAPI 1 KG - Suplemen Premix Penggemuk Pertumbuhan Sapi, Kambing, Domba, Dll.",mixpro-premix-sapi-1-kg-suplemen-premix-penggemuk-pertumbuhan-sapi-kambing-domba-dll,,104,"<strong>MIXPRO PREMIX SAPI</strong>

Mixpro merupakan suplemen tambahan pakan Sapi dan Kambing yang terdiri dari Mineral Vitamin Asam Amino dan Probiotik.

<strong>MANFAAT MIXPRO :</strong>

1. Mempercepat Pertumbuhan dan Meningkatkan Berat Badan (ADG)

2. Memperbaiki Kualitas Pakan dan Efisiensi Pakan

3. Meningkatkan Daya Tahan Terhadap Penyakit

4. Meningkatkan Nafsu Makan

<strong>Dosis dan Cara Pemakaian :</strong>
<ul>
 	<li>30-50 Gram Per ekor (400-600kg Berat Badan Sapi)</li>
 	<li>5-10 Gram Per ekor (25-60kg Berat badan Kambing</li>
</ul>
<strong>NB :</strong>
<ul>
 	<li>1 sendok makan pagi dan sore ( Sapi sudah poel )</li>
 	<li>1 sendok teh pagi dan sore ( Sapi belum poel )</li>
 	<li>Di campurkan dengan comboran nya</li>
</ul>
<strong>Kemasan</strong>

1 kg",,Published,,0,"2026-07-02 17:19:14",1,open,TTS00008,,,no,no,,54000,,1000,8,16,31,,,instock,no,no,,no,taxable,,,,,,'-1,'-1,,,"http://localhost:8000/wp-content/uploads/2026/07/Mixpro-Premix-Sapi-1-Kg-_-Kalbe.png ! alt :  ! title : Mixpro-Premix-Sapi-1-Kg-_-Kalbe.png ! desc :  ! caption : ",,http://localhost:8000/product/mixpro-premix-sapi-1-kg-suplemen-premix-penggemuk-pertumbuhan-sapi-kambing-domba-dll/,0,,,simple,,"Premix Ternak",,,,,,,
"DOT SILIKON PUTIH 1 PCS - Dot Silikon Cocok Untuk Semua Ternak Seperti Kambing, Domba, Dll.",dot-silikon-putih-1-pcs-dot-silikon-cocok-untuk-semua-ternak-seperti-kambing-domba-dll,,105,"<strong>Dot Cempe Anak Kambing Domba dll Berkualitas</strong>

Harga yang tertera untuk 1 pcs dot

<strong>Tersedia</strong>
<ul>
 	<li>Dot Silikon</li>
 	<li>Terbuat dari bahan silikon khusus yang aman untuk hewan ternak anda. panjang dot 7 cm</li>
 	<li>Terbuat dari bahan silikon khusus yang aman untuk hewan ternak anda</li>
 	<li>Produk Jaminan lentur, kuat, elastis, tebal, dan tahan lama</li>
 	<li>Terdapat ujung lubang yg besar kecilnya bisa disesuaikan sesuai kebutuhan.</li>
</ul>",,Published,,0,"2026-07-02 17:19:14",1,open,TTS00009,,,no,no,,13000,,100,6,15,6,,,instock,no,no,,no,taxable,,,,,,'-1,'-1,,,"http://localhost:8000/wp-content/uploads/2026/07/Dot-Silikon-Putih.png ! alt :  ! title : Dot-Silikon-Putih.png ! desc :  ! caption : ",,http://localhost:8000/product/dot-silikon-putih-1-pcs-dot-silikon-cocok-untuk-semua-ternak-seperti-kambing-domba-dll/,0,,,simple,,"Botol dan Dot",,,,,,,
"NIPPLE KELINCI PLASTIK 1 PCS - Alat Minum Kelinci & Hewan Kecil Lainnya.",nipple-kelinci-plastik-1-pcs-alat-minum-kelinci-hewan-kecil-lainnya,,106,"<strong>Nipple kelinci otomatis</strong> hamster marmut bahan plastik/ nipel niple nipple otomatis kelinci hamster

<strong>1 set nipple otomatis ini terdiri dari 3 jenis :</strong>

1. nipple

2. T konektor untuk selang air

3. spring/pegas untuk dikaitkan di kandang

Nipple terbuat dari bahan stainless steel sehinggal awet, tidak mudah rusak dan anti karat

<strong>Terima kasih!</strong>",,Published,,0,"2026-07-02 17:19:14",1,open,TTS00010,,,no,no,,2500,,100,6,15,6,,,outofstock,no,no,,no,taxable,,,,,,'-1,'-1,,,"http://localhost:8000/wp-content/uploads/2026/07/Nipple-Kelinci-Otomatis-1-Pcs.png ! alt :  ! title : Nipple-Kelinci-Otomatis-1-Pcs.png ! desc :  ! caption : ",,http://localhost:8000/product/nipple-kelinci-plastik-1-pcs-alat-minum-kelinci-hewan-kecil-lainnya/,0,,,simple,outofstock,"Perlengakapan Ternak",,,,,,,
"NIPPLE KELINCI PLASTIK 10 PCS - Alat Minum Kelinci & Hewan Kecil Lainnya.",nipple-kelinci-plastik-10-pcs-alat-minum-kelinci-hewan-kecil-lainnya,,107,"<strong>NIPPLE KELINCI PLASTIK ISI 10</strong> - Nipple Hamster Marmut Kelinci Otomatis

Satu set nipple otomatis ini terdiri dari 3 jenis :

1. nipple

2. T konektor untuk selang air

3. spring/pegas untuk dikaitkan di kandang

Nipple terbuat dr bahan stainless steel sehinggal awet, tidak mudah rusak dan anti karat

<strong>Terima kasih!</strong>",,Published,,0,"2026-07-02 17:19:15",1,open,TTS00010X10,,,no,no,,21000,,90,5,14,6,,,outofstock,no,no,,no,taxable,,,,,,'-1,'-1,,,"http://localhost:8000/wp-content/uploads/2026/07/Nipple-Kelinci-Otomatis-10-Pcs.png ! alt :  ! title : Nipple-Kelinci-Otomatis-10-Pcs.png ! desc :  ! caption : ",,http://localhost:8000/product/nipple-kelinci-plastik-10-pcs-alat-minum-kelinci-hewan-kecil-lainnya/,0,,,simple,outofstock,"Perlengakapan Ternak",,,,,,,
"MINERAL BLOK SELCO BLOCK 3 KG - Mineral Kambing Domba Untuk Masa Pertumbuhan",mineral-blok-selco-block-3-kg-mineral-kambing-domba-untuk-masa-pertumbuhan,,108,"<strong>MINERAL BLOK SELCO BLOCK 3 KG</strong>

Diformulasikan untuk kambing, domba dan ternak dalam masa pertumbuhan. Mengandung Vitamin D, Kalsium dan Fosfor yang mendukung pertumbuhan tulang dan terhindar dari rakitis. Selco Block juga mengandung Selenium dan Vitamin E yang mendukung pertumbuhan otot. Komsumsi rutin Selco Block dapat memenuhi kebutuhan vitamin dan mineral sehingga dapat mencegah ternak untuk mengonsumsi zat bukan pakan seperti tanah, tulang, plastik, kain dan lain-lain.

<strong>INDIKASI :</strong>

Anti defisiensi mineral untuk kambing dan domba; ruminansia yang sedang dalam masa pertumbuhan dan anak kuda.

<strong>DOSIS :</strong>

7-8 gram per hari. Jangan diberikan bersamaan dengan suplemen mineral sejenis. Konsumsi harian tidak boleh melebihi 1% dari bobot pakan harian. Konsumsi pada awal pemberian mungkin untuk naik secara drastis untuk jangka waktu singkat untuk kasus hewan dengan kasus defisiensi mineral dan akan menjadi stabil dalam jangka waktu singkat.

Petunjuk penggunaan: Gantung di tempat kering dan terlindung dari hujan. Letakkan di tempat yang mudah dijangkau oleh hewan dan berdekatan dengan tempat minum hewan.

<strong>BERAT</strong>

3 KG",,Published,,0,"2026-07-02 17:19:15",1,open,TTS00011,,,no,no,,127143,,3200,14,12,14,,,outofstock,no,no,,no,taxable,,,,,,'-1,'-1,,,"http://localhost:8000/wp-content/uploads/2026/07/Selco-Block-3-KG.png ! alt :  ! title : Selco-Block-3-KG.png ! desc :  ! caption : ",,http://localhost:8000/product/mineral-blok-selco-block-3-kg-mineral-kambing-domba-untuk-masa-pertumbuhan/,0,,,simple,outofstock,"Mineral Blok",,,,,,,
"WONDER VITAMIN B1 50 ML - Vitamin B1 Untuk Hewan Sapi Anjing Kucing",wonder-vitamin-b1-50-ml-vitamin-b1-untuk-hewan-sapi-anjing-kucing,,109,"<strong>WONDER VITAMIN B1 50 ML</strong>

<strong>INDIKASI</strong>
<ul>
 	<li>Gangguan Syaraf</li>
 	<li>Menurunnya fungsi usus dan lambung</li>
 	<li>Gangguan pencernaan</li>
 	<li>Selera makan berkurang</li>
 	<li>Menurunnya berat badan</li>
 	<li>Pertumbuhan yang abnormal</li>
</ul>
<strong>DOSIS</strong>

<strong>Sapi, kerbau, kuda, babi :</strong> 1-10 ml

<strong>Domba, kambing, anak babi :</strong> 1-5 ml

<strong>Anjing, kucing :</strong> 1-2 ml

<strong>Unggas :</strong> 0,2-0,5 ml

Atau menurut petunjuk dokter hewan.

<strong>ISI</strong>

50 ML",,Published,,0,"2026-07-02 17:19:15",1,open,TTS00012,,,no,no,,35968,,150,7,10,8,,,instock,no,no,,no,taxable,,,,,,'-1,'-1,,,"http://localhost:8000/wp-content/uploads/2026/07/Vitamin-B1-Wonder-50-ML.png ! alt :  ! title : Vitamin-B1-Wonder-50-ML.png ! desc :  ! caption : ",,http://localhost:8000/product/wonder-vitamin-b1-50-ml-vitamin-b1-untuk-hewan-sapi-anjing-kucing/,0,,,simple,,"Vitamin Injeksi",,,,,,,
"AGRIXINE SOLUTION 100 ML - Ampuh Untuk CRD, Snot, Pilek, Korisa, Kolera Pada Unggas.",agrixine-solution-100-ml-ampuh-untuk-crd-snot-pilek-korisa-kolera-pada-unggas,,110,"<strong>AGRIXINE Sol 100ML</strong>

<strong>DESKRIPSI</strong>

Antibiotik spektrum luas golongan Quin.olo.ne dalam bentuk cair, bersifat bakterisidal untuk bakteri gram positif dan negatif.

<strong>INDIKASI</strong>

Digunakan untuk pengobatan CRD, Colibacillosis, Coryza, Cholera, Stap.hyloco.ccosis, Mycoplasmosis dan Salmonellosis.

<strong>DOSIS DAN CARA PEMBERIAN</strong>

Pemberian melalui air minum dosis 1 ml/2 L air atau 0,1ml/kg berat badan selama 3-5 hari berturut-turut

<strong>KEMASAN</strong>

100ML",,Published,,0,"2026-07-02 17:19:15",1,open,TTS00013,,,no,no,,28600,,250,5,14,5,,,instock,no,no,,no,taxable,,,,,,'-1,'-1,,,"http://localhost:8000/wp-content/uploads/2026/07/Agrixine-Solution-100ml-_-Agrinusa.png ! alt :  ! title : Agrixine-Solution-100ml-_-Agrinusa.png ! desc :  ! caption : ",,http://localhost:8000/product/agrixine-solution-100-ml-ampuh-untuk-crd-snot-pilek-korisa-kolera-pada-unggas/,0,,,simple,,"Obat Unggas",,,,,,,
"AGRIMINOVIT 100 GRAM - Multivitamin Asam Amino Cocok Untuk Hewan Ternak Ayam, Bebek, Sapi, Kambing, Kelinci, Dll.",agriminovit-100-gram-multivitamin-asam-amino-cocok-untuk-hewan-ternak-ayam-bebek-sapi-kambing-kelinci-dll,,111,"<strong>AGRIMINOVIT 100 GR</strong>

Kombinasi vitamin dan asam amino dalam bentuk serbuk larut air untuk mengatasi stres dan meningkatkan kualitas produksi.

<strong>INDIKASI :</strong>

Meningkatkan daya tahan tubuh dan mengatasi stres, Meningkatkan kualiatas produksi, mempercepat pertumbuhan dan mengoptimalkan produksi telur.

<strong>KOMPOSISI :</strong>

Tiap kg mengandung

Each kg contains :

Vitamin A 10.000.000 IU

Vitamin D3 1.000.000 IU

Vitamin E 10.000 mg

Vitamin B1 3.000 mg

Vitamin B2 4.000 mg

Vitamin B6 1.500 mg

Vitamin C 25.000 mg

Vitamin K3 1.500 mg

Nicotinamide 5.000 mg

Methionine 50.000 mg

Lysine 50.000 mg

Glysine 8.000 mg

Ca-d-panthothenate 10.000 mg

<strong>DOSIS PEMAKAIAN :</strong>

<strong>Unggas :</strong> 1 g/2 L air minum selama 4-8 hari

<strong>Sapi, Domba, Kambing, Kuda : </strong>1 g/1 L air minum selama 3-5 hari

<strong>Isi bersih :</strong> 100 gr

<strong>Selamat Belanja!</strong>",,Published,,0,"2026-07-02 17:19:15",1,open,TTS00014,,,no,no,,19900,,100,5,14,4,,,outofstock,no,no,,no,taxable,,,,,,'-1,'-1,,,"http://localhost:8000/wp-content/uploads/2026/07/Agriminovit-100-Gram.png ! alt :  ! title : Agriminovit-100-Gram.png ! desc :  ! caption : ",,http://localhost:8000/product/agriminovit-100-gram-multivitamin-asam-amino-cocok-untuk-hewan-ternak-ayam-bebek-sapi-kambing-kelinci-dll/,0,,,simple,outofstock,"Vitamin & Suplemen Ternak & Unggas",,,,,,,
"ISI 10 AGRIMINOVIT 100 GRAM BY AGRINUSA LEBIH MURAH - Multivitamin & Asam Amino Untuk Hewan Ternak",isi-10-agriminovit-100-gram-by-agrinusa-lebih-murah-multivitamin-asam-amino-untuk-hewan-ternak,,117,"<strong>ISI 10 AGRIMINOVIT 100 GRAM BY AGRINUSA LEBIH MURAH</strong>

Kombinasi vitamin dan asam amino dalam bentuk serbuk larut air untuk mengatasi stres dan meningkatkan kualitas produksi.

<strong>INDIKASI :</strong>

Meningkatkan daya tahan tubuh dan mengatasi stres, Meningkatkan kualiatas produksi, mempercepat pertumbuhan dan mengoptimalkan produksi telur.

<strong>DOSIS PEMAKAIAN :</strong>

<strong>Unggas :</strong> 1 g/2 L air minum selama 4-8 hari

<strong>Sapi, Domba, Kambing, Kuda : </strong>1 g/1 L air minum selama 3-5 hari

<strong>ISI</strong>

10 PCS",,Published,,0,"2026-07-02 17:19:40",1,open,TTS00014X10,,,no,no,,195000,,120,5,14,4,,,outofstock,no,no,,no,taxable,,,,,,'-1,'-1,,,"http://localhost:8000/wp-content/uploads/2026/07/Agriminovit-100-Gram.png ! alt :  ! title : Agriminovit-100-Gram.png ! desc :  ! caption : ",,http://localhost:8000/product/isi-10-agriminovit-100-gram-by-agrinusa-lebih-murah-multivitamin-asam-amino-untuk-hewan-ternak/,0,,,simple,outofstock,"Vitamin & Suplemen Ternak & Unggas",,,,,,,
"ANTI SNOT 10 KAPSUL by EKA FARMA - Ampuh Untuk Korisa, Coryza, Snot Dan Pilek Pada Unggas.",anti-snot-10-kapsul-by-eka-farma-ampuh-untuk-korisa-coryza-snot-dan-pilek-pada-unggas,,118,"<strong>ANTI SNOT</strong> adalah obat ayam untuk penyakit coryza pada ayam dan itik.

<strong>Isi:</strong> 10 kapsul

<strong>KOMPOSISI :</strong>
<ul>
 	<li>Tiap kapsul mengandung</li>
 	<li>Eryt 50 mg,</li>
 	<li>Vitamin A 1500 IU,</li>
 	<li>Vitamin D3 300 IU,</li>
 	<li>Nicotinamide 2 mg,</li>
 	<li>Calsium Phosphat 25 mg</li>
</ul>
<strong>INDIKASI :</strong>
<ul>
 	<li>Mencegah dan mengobati penyakit snot atau coryza seperti pilek, sesak nafas, radang mata, muka bengkak</li>
 	<li>Mengatasi produksi telur ayam yang menurun</li>
</ul>
<strong>DOSIS :</strong>
<ul>
 	<li>Pencegahan: 1x1 kapsul ANTISNOT sehari</li>
 	<li>Pengobatan: 3x1 kapsul ANTISNOT sehari</li>
</ul>",,Published,,0,"2026-07-02 17:19:40",1,open,TTS00015,,,no,no,,13735,,100,5,14,4,,,instock,no,no,,no,taxable,,,,,,'-1,'-1,,,"http://localhost:8000/wp-content/uploads/2026/07/Anti-Snot-10-Kapsul-_-Eka-Farma.png ! alt :  ! title : Anti-Snot-10-Kapsul-_-Eka-Farma.png ! desc :  ! caption : ",,http://localhost:8000/product/anti-snot-10-kapsul-by-eka-farma-ampuh-untuk-korisa-coryza-snot-dan-pilek-pada-unggas/,0,,,simple,,"Obat Unggas",,,,,,,
"PIL DOKOH ISI 4 PCS - Jamu Penambah Selera Makan Sapi, Kerbau, Domba, Kambing by EKA FARMA.",pil-dokoh-isi-4-pcs-jamu-penambah-selera-makan-sapi-kerbau-domba-kambing-by-eka-farma,,119,"<strong>DOKOH TERNAK EKA FARMA</strong>

4 Pil Jamu Serbuk yang Dipadatkan

DOKOH merupakan jamu hewan yang terbuat dari bahan bahan alami yang aman dikonsumsi hewan ternak. tidak menimbulkan efek samping.

<strong>KOMPOSISI</strong>
<ul>
 	<li>Alpina Galangan Rizoma 10%</li>
 	<li>Amoni Fructus 5%</li>
 	<li>Curcuma Rhizoma 85%</li>
</ul>
<strong>KHASIAT</strong>
<ul>
 	<li>Menambah nafsu makan</li>
 	<li>Membantu pencernaan</li>
 	<li>Menggemukkan Ternak (Sapi, Kambing, Domba) secara aman</li>
</ul>
<strong>CARA PEMAKAIAN</strong>
<ul>
 	<li>Kambing : berikan 1-2 butir pil sekaligus, seminggu sekali</li>
 	<li>Sapi: berikan 2-4 pil sekaligus, seminggu sekali</li>
</ul>
<strong>Selamat Belanja!</strong>",,Published,,0,"2026-07-02 17:19:40",1,open,TTS00016,,,no,no,,7325,,100,6,9,13,,,instock,no,no,,no,taxable,,,,,,'-1,'-1,,,"http://localhost:8000/wp-content/uploads/2026/07/Pil-Dokoh-Isi-4-_-Eka-Farma.png ! alt :  ! title : Pil-Dokoh-Isi-4-_-Eka-Farma.png ! desc :  ! caption : ",,http://localhost:8000/product/pil-dokoh-isi-4-pcs-jamu-penambah-selera-makan-sapi-kerbau-domba-kambing-by-eka-farma/,0,,,simple,,"Obat Ternak",,,,,,,
"PLASTIK SILASE WHITE GUSSET 120 MIKRON 1 KG (ISI 6 PCS) - Untuk Silase Fermentasi Pakan Ternak.",plastik-silase-white-gusset-120-mikron-1-kg-isi-6-pcs-untuk-silase-fermentasi-pakan-ternak,,120,"<strong>PLASTIK SILASE WHITE GUSSET 120 MIKRON 1 KG (6 PCS)</strong>

Plastik Silase merupakan kantung plastik yang digunakan untuk proses fermentasi pakan ternak berjenis rumput-rumputan (Odot, Pakchong, dan lainnya) serta tebon jagung. Tidak disarankan digunakan untuk fermentasi Jerami dan Legume (Rambanan) karena cenderung berbatang keras dan runcing jika dicacah.

<strong>SPESIFIKASI :</strong>

1. Bahan tebal 120 mikron, tidak mudah bocor sehingga dapat digunakan kembali

2. Ukuran 120x60cm

3. Bahan Anti UV, lebih elastis, Kuat dan tidak mudah bocor

4. Dapat digunakan kembali, pastikan plastik bersih utuh dan tidak robek, jika terdapat bekas tusukan benda runcing bisa ditambal dengan solasi

5. Berat per lembar 166 gr",,Published,,0,"2026-07-02 17:19:40",1,open,TTS00018,,,no,no,,56250,,1300,15,40,2,,,instock,no,no,,no,taxable,,,,,,'-1,'-1,,,"http://localhost:8000/wp-content/uploads/2026/07/Plastik-Silase-White-Gusset-120-Mikron-1-Kg-6-Pcs.png ! alt :  ! title : Plastik-Silase-White-Gusset-120-Mikron-1-Kg-6-Pcs.png ! desc :  ! caption : ",,http://localhost:8000/product/plastik-silase-white-gusset-120-mikron-1-kg-isi-6-pcs-untuk-silase-fermentasi-pakan-ternak/,0,,,simple,,"Plastik Silase & Sheats IB",,,,,,,
"POTAHORMON 20 ML by WONDER - Membantu Gangguan Reproduksi Pada Hewan Sapi, Kambing, Domba, Babi.",potahormon-20-ml-by-wonder-membantu-gangguan-reproduksi-pada-hewan-sapi-kambing-domba-babi,,121,"<strong>Potahormon 20 ml</strong>

<strong>KOMPOSISI</strong>

Setiap ml Potahormon mengandung:

Progesteron —– 6,25 mg

<strong>INDIKASI</strong>

Potahormon membantu mengatasi:
<ul>
 	<li>Kebiasaan keguguran kandungan</li>
 	<li>Kelahiran dini/ terlampau muda</li>
 	<li>Hypoplasia organ genitalia</li>
 	<li>Pengecilan uterus (uterus hypoplasia)</li>
 	<li>Gangguan ovulasi</li>
 	<li>Atrofi ovarium</li>
 	<li>Pengecilan ovarium (ovarian hypoplasia)</li>
 	<li>Kawin berulang (repeat breeder)</li>
 	<li>Cysta folikel (follicular cyst)</li>
 	<li>Ovulasi terlambat</li>
 	<li>Pendarahan menjelang kelahiran</li>
 	<li>Retensi plasenta</li>
 	<li>Subestrus</li>
 	<li>Kemajiran</li>
</ul>
<strong>DOSIS &amp; CARA PEMAKAIAN</strong>

Potahormon diberikan melalui suntikan subkutan atau intramuskuler

Kebiasan keguguran (habitual abortion), kelahiran dini (immature birth)

<strong>Sapi, kuda: 15 – 30 ml, babi:</strong> 6 – 10 ml, domba, kambing, anjing: 3 – 10 ml

Pengecilan ovarium (ovarian hypoplasia), subestrus, gangguan ovulasi

<strong>Sapi, kuda: 8 – 10 ml, babi:</strong> 3 – 5 ml, domba, kambing, anjing: 2 – 5 ml

Kista folikuler (follicular cyst)

<strong>Sapi, kuda:</strong> 15 – 30 ml, babi: 6 – 20 ml, domba, kambing, anjing: 3 – 10 ml

Retensi plasenta (plasenta tertahan)

<strong>Sapi, kuda:</strong> 15 – 60 ml, babi: 6 – 20 ml, domba, kambing, anjing: 3 – 10 ml

Kawin berulang (repeat breeder)

<strong>Sapi, kuda:</strong> 15 ml

Atau sesuai petunjuk dokter hewan

<strong>Perhatian:</strong>

Obat hanya untuk hewan dan harus dengan resep dokter hewan.

Simpan Potahormon di tempat yang sejuk dan terhindar dari sinar matahari secara langsung

Jauhkan dari jangkauan anak-anak

Jangan diberikan dalam 5 hari sebelum hewan dipotong untuk dikonsumsi dagingnya

<strong>KEMASAN</strong>

Botol 20 ml",,Published,,0,"2026-07-02 17:19:41",1,open,TTS00019,,,no,no,,128000,,20,5,14,4,,,outofstock,no,no,,no,taxable,,,,,,'-1,'-1,,,"http://localhost:8000/wp-content/uploads/2026/07/Potahormon-20-ml-_-Wonder.png ! alt :  ! title : Potahormon-20-ml-_-Wonder.png ! desc :  ! caption : ",,http://localhost:8000/product/potahormon-20-ml-by-wonder-membantu-gangguan-reproduksi-pada-hewan-sapi-kambing-domba-babi/,0,,,simple,outofstock,"Hormon Ternak",,,,,,,
"ECER ANTHEL CAT 1 TABLET (Blister) - Untuk Masalah Cacing Spektrum Luas Untuk KUCING by KALBE.",ecer-anthel-cat-1-tablet-blister-untuk-masalah-cacing-spektrum-luas-untuk-kucing-by-kalbe,,122,"<strong>ANTHEL CAT BY KALBE Ecer 1 Tablet</strong>

Anthel Cat merupakan ant hel min tik/obat cacing spektrum luas untuk kucing yang digunakan sebagai pencegahan dan pengobatan terhadap infeksi cacing di saluran pencernaan yang disebabkan oleh cacing gelang, cacing cambuk, cacing kait dan cacing pita sert sebagai kontrol terhadap giardiasis.

<strong>KOMPOSISI</strong>
<ul>
 	<li>Praziquantel 20mg</li>
 	<li>Pyrantel pamoate 230mg</li>
</ul>
<strong>DOSIS DAN CARA PEMAKAIAN</strong>

1 tablet Anthel Cat untuk 4 kg badan kucing

KEMENTAN RI No. D.22037309 PKM

HARGA Ecer 1 tablet",,Published,,0,"2026-07-02 17:19:41",1,open,TTS00020,,,no,no,,14600,,45,5,14,4,,,instock,no,no,,no,taxable,,,,,,'-1,'-1,,,"http://localhost:8000/wp-content/uploads/2026/07/Anthel-Cat-Ecer-1-Tablet-Blister.png ! alt :  ! title : Anthel-Cat-Ecer-1-Tablet-Blister.png ! desc :  ! caption : ",,http://localhost:8000/product/ecer-anthel-cat-1-tablet-blister-untuk-masalah-cacing-spektrum-luas-untuk-kucing-by-kalbe/,0,,,simple,,"Obat Anabul",,,,,,,
"ANTHEL CAT 1 BOX (30 TABLET) - Untuk Mencegah Masalah Cacing Pada Kucing",anthel-cat-1-box-30-tablet-untuk-mencegah-masalah-cacing-pada-kucing,,123,"<strong>ANTHEL CAT 1 BOX (30 TABLET)</strong>

<strong>DOSIS &amp; CARA PAKAI</strong>

1 tablet Anthel Cat untuk 4kg badan kucing, berlaku kelipatan dan dapat dipecah

Anthel Cat aman digunakan untuk kucing mulai dari usia 2 bulan setelah selesai laktasi dengan berat minimal 1kg

Anthel Cat dapat diberikan secara langsung maupun dicampur kedalam pakan

<strong>KEMASAN</strong>

1 box isi 30 tablet

Anthel Cat Obat Cacing Kucing Spek.trum Luas

Anthel Cat merupakan anthemintik/obat cacing spektrum luas untuk kucing yang digunakan sebagai pencegahan dan pengobatan terhadap infeksi cacing di saluran pencernaan yang disebabkan oleh cacing gelang, cacing cambuk, cacing kait dan cacing pita serta sebagai kontrol terhadap giardiasis

Teregistrasi KEMENTAN

Anthel Cat sudah teregistrasi dengan nomor registrasi KEMENTAN RI No. D.22037309 PKM yang memastikan mutu serta keamanan produk kami

MADE IN INDONESIA

Anthel Cat merupakan hasil produksi dalam negeri dengan teknologi produksi terkini dan standar seperti produk manusia

RASA SUSU &amp; AMAN!

Anthel Cat memiliki rasa susu yang dapat mengurangi rasa pahit pada obat cacing, serta aman untuk dikonsumsi oleh kucing menyusui

FORMULA ANTI CACING

Setiap tablet Anthel Cat mengandung:

* Praziquantel 20mg yang berfungsi untuk menganggu permeabilitas kalsium pada cacing

* Pyrantel pamoate 230mg yang berfungsi untuk menghambat sistem neuro.mu.skular cacing menyebabkan cacing mati",,Published,,0,"2026-07-02 17:19:41",1,open,TTS00020X30,,,no,no,,391000,,95,6,15,5,,,instock,no,no,,no,taxable,,,,,,'-1,'-1,,,"http://localhost:8000/wp-content/uploads/2026/07/Anthel-Cat-Ecer-1-Box-Blister.png ! alt :  ! title : Anthel-Cat-Ecer-1-Box-Blister.png ! desc :  ! caption : ",,http://localhost:8000/product/anthel-cat-1-box-30-tablet-untuk-mencegah-masalah-cacing-pada-kucing/,0,,,simple,,"Obat Anabul",,,,,,,
"OSTEOVITA KAPSUL ISI 10 KAPSUL - Vitamin, Penguat Otot Kaki, Tahan Pukulan Pada Ayam by EKA FARMA.",osteovita-kapsul-isi-10-kapsul-vitamin-penguat-otot-kaki-tahan-pukulan-pada-ayam-by-eka-farma,,124,"<strong>OSTEOVITA</strong> Obat untuk meningkatkan kekuatan otot kaki ayam.

<strong>INDIKASI</strong>

Mencegah dan mengobati gangguan otot kaki pada ayam dan pukulan lebih dahsyat

<strong>KOMPOSISI</strong>

- Vitamin A ...........2000 IU

- Vitamin D3.......... 400 IU

- Vitamin E ...............10 IU

- Vitamin B1............. 4 mg

- Vitamin B2............. 2 mg

- Vitamin B6............. 3 mg

- Calcium..................10 %

<strong>CARA PEMAKAIAN</strong>

Pencegahan : 1x kapsul/hari

Pengobatan : 3x kapsul/hari",,Published,,0,"2026-07-02 17:19:41",1,open,TTS00021,,,no,no,,5650,,45,5,14,4,,,instock,no,no,,no,taxable,,,,,,'-1,'-1,,,"http://localhost:8000/wp-content/uploads/2026/07/Osteovita-10-Kapsul-_-Eka-Farma.png ! alt :  ! title : Osteovita-10-Kapsul-_-Eka-Farma.png ! desc :  ! caption : ",,http://localhost:8000/product/osteovita-kapsul-isi-10-kapsul-vitamin-penguat-otot-kaki-tahan-pukulan-pada-ayam-by-eka-farma/,0,,,simple,,"Vitamin & Suplemen Ternak & Unggas",,,,,,,
"SAGAPHYLL BRO LIQUID 1 LITER - Meningkatkan Efisiensi Pakan Dan Kesehatan Hati Dan Mengurangi Stres",sagaphyll-bro-liquid-1-liter-meningkatkan-efisiensi-pakan-dan-kesehatan-hati-dan-mengurangi-stres,,125,"<strong>SAGAPHYLL BRO – LIQUID</strong> merupakan kombinasi dari vitamin, mineral, feed additive dan herbal yang sudah diformulasikan sedemikian rupa sehingga dapat menunjang produktivitas dan kesehatan ternak ayam broiler. SAGAPHYLL BRO - LIQUID memiliki beberapa fungsi :

1. Meningkatkan efisiensi pakan dan mempercepat kanaikan bobot badan 2. Mengurangi stres oksidatif dan meningkatkan respon imun

3. Meningkatkan kesehatan hati dan intestinal

<strong>Penyimpanan dan Kemasan</strong>

SAGAPHYLL BRO - LIQUID dapat disimpan selama 12 bulan dari tanggal produksi. Simpan kemasan di tempat yang kering dan hindari dari cahaya matahari langsung. Kemasan dalam botol 1 Liter.

<strong>Dosis Pemberian</strong>

1-2 ml per 4 Liter Air Minum",,Published,,0,"2026-07-02 17:19:41",1,open,TTS00023,,,no,no,,80000,,1200,12,32,9,,,instock,no,no,,no,taxable,,,,,,'-1,'-1,,,"http://localhost:8000/wp-content/uploads/2026/07/Sagaphyll-Bro-Liquid-1-Liter.png ! alt :  ! title : Sagaphyll-Bro-Liquid-1-Liter.png ! desc :  ! caption : ",,http://localhost:8000/product/sagaphyll-bro-liquid-1-liter-meningkatkan-efisiensi-pakan-dan-kesehatan-hati-dan-mengurangi-stres/,0,,,simple,,"Vitamin & Suplemen Ternak & Unggas",,,,,,,
"AMINOVITA 10 KAPSUL - Cocok Untuk Penguat Otot Tulang Ayam Petarung by EKA FARMA.",aminovita-10-kapsul-cocok-untuk-penguat-otot-tulang-ayam-petarung-by-eka-farma,,126,"<strong>AMINOVITA 10 Kapsul EKA FARMA</strong>

Aminovita diformulasikan khusus untuk ayam aduan agar otot, tulang dan organ dalam dapat berkembang maksimal dan kokoh serta dapat memiliki stamina yg kuat.

<strong>KOMPOSISI</strong>
<ul>
 	<li>Lysine 40 mg</li>
 	<li>Vit B6 10 mg</li>
 	<li>Vit B1 10 mg</li>
 	<li>Vit E 15 mg</li>
</ul>
<strong>KHASIAT</strong>

1. Menambah nafsu makan

2. menjaga kondisi tubuh tetap sehat

3. membina otot, tulang dan organ dalam ayam aduan, sehingga menjadi lebih sehat dan kuat

<strong>CARA PEMAKAIAN</strong>

Anak ayam : 3 x 1/2 kapsul/hari

Ayam dewasa : 3 x 1 kapsul/hari

<strong>Selamat Belanja!</strong>",,Published,,0,"2026-07-02 17:19:41",1,open,TTS00024,,,no,no,,6000,,45,5,14,4,,,instock,no,no,,no,taxable,,,,,,'-1,'-1,,,"http://localhost:8000/wp-content/uploads/2026/07/Aminovita-10-Kapsul-_-Eka-Farma.png ! alt :  ! title : Aminovita-10-Kapsul-_-Eka-Farma.png ! desc :  ! caption : ",,http://localhost:8000/product/aminovita-10-kapsul-cocok-untuk-penguat-otot-tulang-ayam-petarung-by-eka-farma/,0,,,simple,,"Vitamin & Suplemen Ternak & Unggas",,,,,,,
"AMINOVITA 50 KAPSUL EKA FARMA - Untuk Penguat Otot Tulang & Meningkatkan Kesehatan Ayam",aminovita-50-kapsul-eka-farma-untuk-penguat-otot-tulang-meningkatkan-kesehatan-ayam,,127,"<strong>AMINOVITA 50 KAPSUL EKA FARMA</strong>

<strong>INDIKASI</strong>
<ul>
 	<li>Menambah selera makan</li>
 	<li>Menjaga kondisi tubuh tetap sehat</li>
 	<li>Membina otot,tulang dan organ dalam ayam aduan sehingga menjadi lebih sehat dan kuat</li>
</ul>
<strong>ATURAN PAKAI</strong>
<ul>
 	<li>Anak ayam 3 x 1/2 kapsul /hari</li>
 	<li>Ayam dewasa 3 x 1 kapsul/hari</li>
</ul>
<strong>ISI</strong>

50 KAPSUL",,Published,,0,"2026-07-02 17:19:41",1,open,TTS00024A,,,no,no,,19500,,70,5,15,6,,,instock,no,no,,no,taxable,,,,,,'-1,'-1,,,"http://localhost:8000/wp-content/uploads/2026/07/Aminovita-50-Kapsul-_-Eka-Farma.png ! alt :  ! title : Aminovita-50-Kapsul-_-Eka-Farma.png ! desc :  ! caption : ",,http://localhost:8000/product/aminovita-50-kapsul-eka-farma-untuk-penguat-otot-tulang-meningkatkan-kesehatan-ayam/,0,,,simple,,"Vitamin & Suplemen Ternak & Unggas",,,,,,,
"Dexa Max 10ml + Spuit - Obat Ayam Lumpuh",dexa-max-10ml-spuit-obat-ayam-lumpuh,,128,"<strong>Manfaat :</strong>
<ul>
 	<li>Mengobati lumpuh akibat sakit</li>
 	<li>Demam, sayap terkulai</li>
 	<li>Mempercepat akibat pincang</li>
 	<li>Mempercepat penyembuhan akibat virus dan bakteri</li>
 	<li>Kehilangan keseimbangan akibat kekurangan mineral dan calsium</li>
</ul>
<strong>Cara Pakai :</strong>

0,5 ml (2 Hari Sekali)",,Published,,0,"2026-07-02 17:19:41",1,open,TTS00026,,,no,no,,22600,,10,5,14,4,,,instock,no,no,,no,taxable,,,,,,'-1,'-1,,,"http://localhost:8000/wp-content/uploads/2026/07/Dexa-Max-10ml-Spuit.png ! alt :  ! title : Dexa-Max-10ml-Spuit.png ! desc :  ! caption : ",,http://localhost:8000/product/dexa-max-10ml-spuit-obat-ayam-lumpuh/,0,,,simple,,"Antibiotik & Anti Inflamasi",,,,,,,
"KAPORIT TCCA GRANULAR 90% 1 KG - Untuk Penjernih Air Kolam Renang Berkualitas.",kaporit-tcca-granular-90-1-kg-untuk-penjernih-air-kolam-renang-berkualitas,,129,"<strong>Barang :</strong> TCCA 90

<strong>Bentuk :</strong> Granular

<strong>Warna :</strong> Putih

<strong>Netto :</strong> 1 KG

<strong>Berfungsi sebagai :</strong>
<ul>
 	<li>Desinfektan untuk air baku, kolam renang, sumur, selokan, dll.</li>
 	<li>Menjernihkan air</li>
 	<li>Membunuh bakteri, kuman, jamur dan virus dalam air</li>
 	<li>Pemutih untuk pakaian warna putih.</li>
 	<li>Memiliki zat aktif 90% dimana lebih efektik dibanding kaporit biasa yang memiliki kadar 60%</li>
</ul>
Mohon tambahkan pesanan kardus + bubble wrap untuk keamanan ekstra paket anda selama proses pengiriman.",,Published,,0,"2026-07-02 17:19:42",1,open,TTS00028,,,no,no,,38000,,1000,10,17,8,,,outofstock,no,no,,no,taxable,,,,,,'-1,'-1,,,"http://localhost:8000/wp-content/uploads/2026/07/Kaporit-Tcca-Granular-90-1-Kg.png ! alt :  ! title : Kaporit-Tcca-Granular-90-1-Kg.png ! desc :  ! caption : ",,http://localhost:8000/product/kaporit-tcca-granular-90-1-kg-untuk-penjernih-air-kolam-renang-berkualitas/,0,,,simple,outofstock,"Desinfektan & Antiseptik",,,,,,,
"EH VITEL & BLOOM AND GROW 100 GRAM - Multivitamin Hewan Ternak Sapi, Kambing, Domba & Ayam, Dll.",eh-vitel-bloom-and-grow-100-gram-multivitamin-hewan-ternak-sapi-kambing-domba-ayam-dll,,130,"<strong>VITA BLOOM 100 GRAM</strong>

Vita Bloom mengandung multivitamin yang lengkap dengan dosis tinggi, trace mineral, elektrolit yang dapat menggantikan cairan tubuh yang keluar dari tubuh ternak dan herbal yang dapat meningkatkan nafsu makan ternak.

<strong>Manfaat VITA BLOOM :</strong>

1. Mengatasi segala bentuk stress

2. Meningkatkan nafsu makan

3. Memacu metabolisme ternak

4. Meningkatkan daya tahan tubuh

5. Mempercepat kesembuhan penyakit

<strong>DOSIS DAN CARA PEMBERIAN:</strong>

<strong>- Minum</strong>

100gr/200 liter air minum

<strong>- Pakan</strong>

100gr/200kg pakan

<strong>BLOOM AND GROW 100 GRAM</strong>

Kombinasi bubuk air dari vitamin, mineral dan elektrolit untuk unggas dan semua ternak lainnya, untuk membantu pertumbuhan dan kinerja hewan, ideal untuk digunakan pada saat stres dan melawan dehidrasi. Juga pemulihan bantuan yang berharga dan efektif dari penyakit

<strong>Indikasi :</strong>

Kombinasi bubuk larut air dari vitamin, mineral dan elektrolit untuk unggas dan semua ternak lainnya, untuk membantu pertumbuhan dan perfomance hewan, ideal untuk digunakan pada saat stres dan melawan dehidrasi. Juga pemulihan bantuan yang berharga dan efektif dari penyakit

<strong>Dosis :</strong>

<strong>Unggas :</strong> 1 gr per 2 liter air berurutan 5-7 hari

<strong>Babi &amp; hewan lainnya :</strong> 100 gr per 30 kg bw, berurutan 3-5 hari

<strong>EH - VITEL 100 GRAM</strong>

Antidefisiensi Vitamin, Mineral, Asam Amino &amp; Selenium

<strong>Indikasi dan hewan target :</strong>

Farmasetik Vitamin untuk unggas dan sapi.

Sebagai antidefisiensi vitamin, mineral, asam amino dan selenium.

<strong>Dosis dan Cara Pemberian :</strong>

Per oral, melalui air minum atau dicampurkan dalam pakan dengan dosis:

<strong>Unggas:</strong> 1 gram/2 liter air minum atau 1 kg/ton pakan.

<strong>Sapi:</strong> 1 kg/ton pakan.",,Published,,0,"2026-07-02 17:19:42",1,open,TTS00029,,,no,no,,10000,,100,5,14,4,,,outofstock,no,no,,no,taxable,,,,,,'-1,'-1,,,"http://localhost:8000/wp-content/uploads/2026/07/EH-Vitel-100-Gram.png ! alt :  ! title : EH-Vitel-100-Gram.png ! desc :  ! caption : ",,http://localhost:8000/product/eh-vitel-bloom-and-grow-100-gram-multivitamin-hewan-ternak-sapi-kambing-domba-ayam-dll/,0,,,simple,outofstock,"Vitamin & Suplemen Ternak & Unggas",,,,,,,
"SUPER BLOCK 500 GRAM (NEW FORMULA) - Premix Mineral Blok Ternak Kambing, Domba. Sapi, Dll.",super-block-500-gram-new-formula-premix-mineral-blok-ternak-kambing-domba-sapi-dll,,137,"SUPER BLOK merupakan Premix yang berbentuk blok yang terdiri dari Makro Mikro Mineral, Multivitamin

SUPER BLOK adalah Mineral Blok yang paling lengkap kandungannya (Formula Baru) dikelas Mineral Blok yang sudah ada dipasaran saat ini.

SUPER BLOK dapat mencegah defisiensi kekurangan VITAMIN dan MINERAL pada ternak sapi, kambing, domba, kerbau, aman untuk semua usia dan semua keadaan.

SUPER BLOK merupakan satu satunya Mineral Blok yang sudah ditingkatkan kandungan didalamnya.

Berat blok kisaran 450gr-550gr sebelum dipacking, tidak menerima komplain mengenai berat blok, membeli artinya menerima (tidak menerima retur), harap maklum.

SUPER BLOK memiliki ciri keharuman dan wangi yang otentik serta memiliki Rasa yang disukai ternak Ruminansia.

<strong>Estimasi Kandungan SUPER BLOK per pcs nya , sbb :</strong>

Vitamin A 60000 iu.

D3 11900 iu.

B1 12 mg.

B2 18 mg.

B6 14 mg

B12 0,05 mg.

E 900 mg.

K3 12 mg.

C 60 mg

CDP 60 mg.

FA 5 mg.

Mn 3000 mg.

Fe 1300 mg.

Cu 250 mg.

K 9 mg.

I 30 mg.

Se 5 mg.

Zn 2000 mg.

Co 15 mg.

Ca 5150 mg.

<strong>MANFAAT</strong>

1. Mencegah defisiensi mineral dan multivitamin pada ternak

2. Meningkatkan Fertilitas dan pencegahan gangguan reproduksi

3. Mencegah kekurangan Mineral

4. Meningkatkan Daya tahan tubuh

Super Block berperan penting sebagai premix (suplemen dan additive) jilat untuk ternak ketika kekurangan mikro nutrien (mineral maupun vitamin)

Super Block menjadi opsi pilihan tambahan terbaik untuk jaga jaga ketika ternak membutuhkan premix tambahan di luar dari formula pakan yang sudah kita racik

Selain itu Super Block juga baik untuk minimalisir ternak memakan bahan kandang atau rambut ternak nya

Super Block 1 pcs kemasan 1/2 kg bisa untuk memenuhi kebutuhan mikro nutrisi tambahan untuk 2-4 ekor Domba atau kambing selama 6 bulan

Catatan: Gantung setara kepala ternak. Hindari ternak menggigit secara langsung. Pastikan hanya di jilat supaya awet.

Open Reseller untuk Semua Produk Mineral blok",,Published,,0,"2026-07-02 17:20:12",1,open,TTS00030,,,no,no,,16000,,500,10,17,8,,,instock,no,no,,no,taxable,,,,,,'-1,'-1,,,"http://localhost:8000/wp-content/uploads/2026/07/Super-Block-500-Gram-New-Formula-_-Vetways.png ! alt :  ! title : Super-Block-500-Gram-New-Formula-_-Vetways.png ! desc :  ! caption : ",,http://localhost:8000/product/super-block-500-gram-new-formula-premix-mineral-blok-ternak-kambing-domba-sapi-dll/,0,,,simple,,"Mineral Blok",,,,,,,
"CYPROTYLOGRIN 100 GRAM - Atasi Masalah Pencernaan Dan Pernafasan Unggasr dan Hewan Ternak Lainnya.",cyprotylogrin-100-gram-atasi-masalah-pencernaan-dan-pernafasan-unggasr-dan-hewan-ternak-lainnya,,138,"<strong>CYPROTYLOGRIN 100 GRAM</strong>

Cyprotylogrin adalah antibiotik kombinasi berspectrum luas dalam bentuk serbuk yang mampu menjangkau saluran pencernaan dan saluran pernafasan hingga kantung hawa.

<strong>INDIKASI</strong>

Mengatasi CRD kompleks, Snot, Pullorum, Colibacillosis dan Cholera

<strong>DOSIS DAN ATURAN PAKAI</strong>

Unggas: 1 gr per 2 l air minum selama 3-5 hari berturut-turut

<strong>KOMPOSISI</strong>

Cyprofloxacine 100g

Tylosin 100g

<strong>PERHATIAN</strong>

Waktu henti obat 3 hari sebelum panen/dipotong

<strong>NETTO</strong>

Sachet 100g",,Published,,0,"2026-07-02 17:20:12",1,open,TTS00032,,,no,no,,31500,,100,5,14,4,,,outofstock,no,no,,no,taxable,,,,,,'-1,'-1,,,"http://localhost:8000/wp-content/uploads/2026/07/Cyprotylogrin-100gram-_-Agrinusa.png ! alt :  ! title : Cyprotylogrin-100gram-_-Agrinusa.png ! desc :  ! caption : ",,http://localhost:8000/product/cyprotylogrin-100-gram-atasi-masalah-pencernaan-dan-pernafasan-unggasr-dan-hewan-ternak-lainnya/,0,,,simple,outofstock,"Obat Unggas",,,,,,,
"BOSTER IKAN AQUAENZYM 500 GRAM - Untuk Meningkatkan Kualitas Air Lingkungan Budidaya Ikan Dan Udang.",boster-ikan-aquaenzym-500-gram-untuk-meningkatkan-kualitas-air-lingkungan-budidaya-ikan-dan-udang,,139,"<strong>AQUAENZYM 500 GRAM</strong>
<ul>
 	<li>Meningkatkan Kualitas Air Lingkungan Budidaya/Tambak</li>
 	<li>Mempercepat penguraian sisa pakan, plankton mati, bahan organik, dan gas beracun</li>
 	<li>Mengolah limbah dasar tambak</li>
 	<li>Membuat proses fermentasi</li>
 	<li>Menekan pertumbuhan bakteri patogen</li>
</ul>
<strong>Dosis dan Cara Pakai</strong>

<strong>- Untuk Awal Tebar (Fermentasi) estimasi 10 ton air</strong>

10 gr aquaenzym+Molase 200 gr+Dedak 1 kg+air 2 liter, masukkan wadah tertutup diamkan selama 2 hari.

<strong>- Untuk menjaga kualitas air dan dasar tambak (estimasi 10 ton)</strong>

10 gram Aquaenzym+Molase 100gram+ Vit B 5gram+air 10 liter

Aerasi selama 1 hari, kemudiam tebar

Ulangi setiap 5-7 hari tergantung ukuran ikan/udang, padat tebar, dan pola tanam",,Published,,0,"2026-07-02 17:20:12",1,open,TTS00033,,,no,no,,92500,,500,7,18,6,,,instock,no,no,,no,taxable,,,,,,'-1,'-1,,,"http://localhost:8000/wp-content/uploads/2026/07/Boster-Probiotik-Ikan-Aquaenzym-500-Gram.png ! alt :  ! title : Boster-Probiotik-Ikan-Aquaenzym-500-Gram.png ! desc :  ! caption : ",,http://localhost:8000/product/boster-ikan-aquaenzym-500-gram-untuk-meningkatkan-kualitas-air-lingkungan-budidaya-ikan-dan-udang/,0,,,simple,,"Vitamin & Suplemen Ternak & Unggas",,,,,,,
"ANTHEL DOG 1 BOX (30 TABLET) - Untuk Masalah Cacing Pada Doggy Anjing By Kalbe",anthel-dog-1-box-30-tablet-untuk-masalah-cacing-pada-doggy-anjing-by-kalbe,,140,"<strong>ANTHEL DOG 1 BOX (30 TABLET)</strong>

Anthel Dog merupakan ant hel min tik/obat cacing spektrum luas untuk Anjing yang digunakan sebagai pencegahan dan pengobatan terhadap infeksi cacing di saluran pencernaan yang disebabkan oleh cacing gelang, cacing cambuk, cacing kait dan cacing pita sert sebagai kontrol terhadap giardiasis.

<strong>DOSIS DAN CARA PEMAKAIAN</strong>

1 kaplet Anthel Dog untuk 10 kg badan anjing

<strong>ISI</strong>

1 BOX",,Published,,0,"2026-07-02 17:20:12",1,open,TTS00034X30,,,no,no,,411000,,95,6,15,5,,,outofstock,no,no,,no,taxable,,,,,,'-1,'-1,,,"http://localhost:8000/wp-content/uploads/2026/07/Anthel-Dog-Ecer-1-Box-Blister-Kalbe.png ! alt :  ! title : Anthel-Dog-Ecer-1-Box-Blister-Kalbe.png ! desc :  ! caption : ",,http://localhost:8000/product/anthel-dog-1-box-30-tablet-untuk-masalah-cacing-pada-doggy-anjing-by-kalbe/,0,,,simple,outofstock,"Obat Anabul",,,,,,,
"ECER ANTHEL DOG ECER 1 TABLET - Untuk Masalah Cacing Pada Doggy Anjing By Kalbe",ecer-anthel-dog-ecer-1-tablet-untuk-masalah-cacing-pada-doggy-anjing-by-kalbe,,141,"<strong>ANTHEL DOG BY KALBE Ecer 1 Tablet</strong>

Anthel Dog merupakan ant hel min tik/obat cacing spektrum luas untuk Anjing yang digunakan sebagai pencegahan dan pengobatan terhadap infeksi cacing di saluran pencernaan yang disebabkan oleh cacing gelang, cacing cambuk, cacing kait dan cacing pita sert sebagai kontrol terhadap giardiasis.

<strong>KOMPOSISI</strong>

Praziquantel 50mg

Pyrantel pamoate 144mg

Febantel 150mg

<strong>DOSIS DAN CARA PEMAKAIAN</strong>

1 kaplet Anthel Dog untuk 10 kg badan anjing

KEMENTAN RI No. D.2204821 PKM

HARGA Ecer 1 tablet",,Published,,0,"2026-07-02 17:20:13",1,open,TTS00034,,,no,no,,14000,,45,6,14,6,,,instock,no,no,,no,taxable,,,,,,'-1,'-1,,,"http://localhost:8000/wp-content/uploads/2026/07/Anthel-Dog-Ecer-1-Tablet-Blister-_-Kalbe.png ! alt :  ! title : Anthel-Dog-Ecer-1-Tablet-Blister-_-Kalbe.png ! desc :  ! caption : ",,http://localhost:8000/product/ecer-anthel-dog-ecer-1-tablet-untuk-masalah-cacing-pada-doggy-anjing-by-kalbe/,0,,,simple,,"Obat Anabul",,,,,,,
"ANTHEL DOG 10 TABLET (1 STRIP) - Untuk Masalah Cacing Pada Doggy Anjing By Kalbe",anthel-dog-10-tablet-1-strip-untuk-masalah-cacing-pada-doggy-anjing-by-kalbe,,142,"<strong>ANTHEL DOG BY KALBE 10 Tablet (1 Blister)</strong>

Anthel Dog merupakan ant hel min tik/obat cacing spektrum luas untuk Anjing yang digunakan sebagai pencegahan dan pengobatan terhadap infeksi cacing di saluran pencernaan yang disebabkan oleh cacing gelang, cacing cambuk, cacing kait dan cacing pita sert sebagai kontrol terhadap giardiasis.

<strong>KOMPOSISI</strong>

Praziquantel 50mg

Pyrantel pamoate 144mg

Febantel 150mg

<strong>DOSIS DAN CARA PEMAKAIAN</strong>

1 kaplet Anthel Dog untuk 10 kg badan anjing

KEMENTAN RI No. D.2204821 PKM

HARGA 10 Tablet (1 Blister)",,Published,,0,"2026-07-02 17:20:13",1,open,TTS00034X10,,,no,no,,137000,,45,4,15,2,,,outofstock,no,no,,no,taxable,,,,,,'-1,'-1,,,"http://localhost:8000/wp-content/uploads/2026/07/Anthel-Dog-Ecer-10-Tablet-Blister-Kalbe-1.png ! alt :  ! title : Anthel-Dog-Ecer-10-Tablet-Blister-Kalbe-1.png ! desc :  ! caption : ",,http://localhost:8000/product/anthel-dog-10-tablet-1-strip-untuk-masalah-cacing-pada-doggy-anjing-by-kalbe/,0,,,simple,outofstock,"Obat Anabul",,,,,,,
"OSTELIN 10 KAPSUL BY EKA FARMA - Vitamin Untuk Masalah Lumpuh Pada Ayam, Bebek, Burung Dan Unggas.",ostelin-10-kapsul-by-eka-farma-vitamin-untuk-masalah-lumpuh-pada-ayam-bebek-burung-dan-unggas,,148,"<strong>OSTELIN 10 KAPSUL EKA FARMA</strong>

Ostelin diformula khusus untuk mencegah dan mengobati kelumpuhan pada ayam dan bisa digunakan juga untuk bebek

<strong>ATURAN PAKAI:</strong>

Pencegahan : 1 kali 1 kapsul sehari

Pengobatan : 3 kali 1 kapsul sehari

<strong>KOMPOSISI :</strong>

Vitamin A .. 2.000 I.U.

Vitamin D3 .. 500 I.U.

Vitamin E . 10 I.U.

Vitamin B1 4 mg

Vitamin B2 2 mg

Vitamin B6 3 mg

Calsium 10 %

<strong>Selamat Belanja!</strong>",,Published,,0,"2026-07-02 17:20:37",1,open,TTS00035,,,no,no,,5200,,45,6,14,6,,,instock,no,no,,no,taxable,,,,,,'-1,'-1,,,"http://localhost:8000/wp-content/uploads/2026/07/Ostelin-10-Kapsul-Eka-Farma.png ! alt :  ! title : Ostelin-10-Kapsul-Eka-Farma.png ! desc :  ! caption : ",,http://localhost:8000/product/ostelin-10-kapsul-by-eka-farma-vitamin-untuk-masalah-lumpuh-pada-ayam-bebek-burung-dan-unggas/,0,,,simple,,"Vitamin & Suplemen Ternak & Unggas",,,,,,,
"VGT NUTRISI VITAMIN IKAN 250 ML - Untuk Nutrisi Organik Penggemuk, Mempercepat Pertumbuhan Ikan dan Udang.",vgt-nutrisi-vitamin-ikan-250-ml-untuk-nutrisi-organik-penggemuk-mempercepat-pertumbuhan-ikan-dan-udang,,149,"<strong>VGT Nutrisi</strong> organik penggemuk, mempercepat pertumbuhan ikan.

#vgtnutrisi

#VitaminPertumbuhanikan

1 botol bisa untuk 25 kali pemakaian, 1x pemakaian 1 tutup botol diencerkan dengan air 3-5 liter lalu campurkan ke pakan 15 kg.

Bisa Bayar Di Tempat (COD)

<strong>Manfaat VGTnutrisi pada ikan :</strong>
<ul>
 	<li>Mempercepat pertumbuhan</li>
 	<li>Meningkatkan mutu pakan</li>
 	<li>Memulihkan kondisi yang lemah dan stress</li>
 	<li>Pencegahan dan pengobatan defisiensi protein</li>
 	<li>Membantu pewarnaan kulit</li>
 	<li>Mengurangi kematian akibat jamur.</li>
 	<li>Mengatasi pertumbuhan yang lambat ( kuntet )</li>
 	<li>Meningkatkan daya tahan terhadap penyakit</li>
 	<li>Membantu mengurangi racun endapan kotoran (amoniak &amp; H2S) pada kolam</li>
</ul>",,Published,,0,"2026-07-02 17:20:37",1,open,TTS00036,,,no,no,,69000,,250,5,19,7,,,instock,no,no,,no,taxable,,,,,,'-1,'-1,,,"http://localhost:8000/wp-content/uploads/2026/07/Vgt-Nutrisi-Ikan-250ml.png ! alt :  ! title : Vgt-Nutrisi-Ikan-250ml.png ! desc :  ! caption : ",,http://localhost:8000/product/vgt-nutrisi-vitamin-ikan-250-ml-untuk-nutrisi-organik-penggemuk-mempercepat-pertumbuhan-ikan-dan-udang/,0,,,simple,,"Vitamin & Suplemen Ternak & Unggas",,,,,,,
"INTRAMOX-150 ISI 100 ML - AB Membunuh Bakteri Pada Saluran Cerna Pada Ternak Sapi, Kambing, Domba",intramox-150-isi-100-ml-ab-membunuh-bakteri-pada-saluran-cerna-pada-ternak-sapi-kambing-domba,,150,"<strong>INTRAMOX-150 100 ML</strong>

<strong>PEMAKAIAN</strong>

<strong>Sapi, kambing, domba :</strong> 1,0 ml per 10 kg berat badan.

<strong>Babi :</strong> 1,0 ml per 10 kg berat badan.

<strong>Anjing, kucing :</strong> 0,1 ml per kg berat badan

<strong>Ayam :</strong> 0,2 ml per kg berat badan.

<strong>KEMASAN</strong>

100 ml",,Published,,0,"2026-07-02 17:20:38",1,open,TTS00039,,,no,no,,175500,,250,6,12,6,,,instock,no,no,,no,taxable,,,,,,'-1,'-1,,,"http://localhost:8000/wp-content/uploads/2026/07/Intramox-150-100ml-_-TMC.png ! alt :  ! title : Intramox-150-100ml-_-TMC.png ! desc :  ! caption : ",,http://localhost:8000/product/intramox-150-isi-100-ml-ab-membunuh-bakteri-pada-saluran-cerna-pada-ternak-sapi-kambing-domba/,0,,,simple,,"Antibiotik & Anti Inflamasi",,,,,,,
"TEMPAT MINUM AYAM 2 GALON - Di Rancang Khusus Untuk Memberikan Air Minum Hewan Ternak Kesayangan.",tempat-minum-ayam-2-galon-di-rancang-khusus-untuk-memberikan-air-minum-hewan-ternak-kesayangan,,151,"<strong>TEMPAT MINUM AYAM 2 GALON</strong>

<strong>KEUNGGULAN</strong>

• Dirancang khusus agar mudah dalam memberikan air minum pada ayam dan mudah dibersihkan

• Bahan baku TMA tidak mempengaruhi daya kerja zat aktif obat, vitamin, desinfektan maupun virus vaksin

• Mudah dibersihkan

<strong>SPESIFIKASI</strong>

• Dimensi piring : 24 x 4,9 cm

• Dimensi assembly : 24 x 38

• Volume : 7600 ml

• Daya tampung : 40-70 ekor

• Digunakan dengan cara diletakkan di lantai atau

digantung

<strong>Keterangan untuk produk TMA:</strong>

• Volume adalah kapasitas air maksimal dari masing-masing alat

• Pengukuran daya tampung ayam dilakukan menggunakan ayam pedaging, sehingga untuk ayam petelur akan mampu menampung lebih banyak

• Kisaran daya tampung disesuaikan dengan umur ayam. Angka terendah untuk ayam dewasa dan angka tertinggi untuk anak ayam",,Published,,0,"2026-07-02 17:20:38",1,open,TTS00040,,,no,no,,40000,,200,26,26,38,,,instock,no,no,,no,taxable,,,,,,'-1,'-1,,,"http://localhost:8000/wp-content/uploads/2026/07/Tempat-Minum-Ayam-2-Galon.png ! alt :  ! title : Tempat-Minum-Ayam-2-Galon.png ! desc :  ! caption : ",,http://localhost:8000/product/tempat-minum-ayam-2-galon-di-rancang-khusus-untuk-memberikan-air-minum-hewan-ternak-kesayangan/,0,,,simple,,"Perlengakapan Ternak",,,,,,,
"STRONG EGG 250 GRAM - Multivitamin Peningkat Berat Telur Dan Penguat Kerabang Telur.",strong-egg-250-gram-multivitamin-peningkat-berat-telur-dan-penguat-kerabang-telur,,152,"<strong>STRONG EGG</strong> adalah sediaan suplemen yang larut dalam air. Kandungan multivitamin dan asam amino yang terkandung di dalamnya berperan penting dalam membantu pembentukan telur, agar telur yang dihasilkan lebih besar dan kuat serta masa produksi telur bertahan lama.

<strong>Indikasi STRONG EGG</strong>
<ul>
 	<li>Memperkuat kerabang telur. Untuk mencegah telur tipis dan mudah pecah</li>
 	<li>Memperbesar telur. Telur yang diproduksi tiap hari menjadi lebih besar dan lebih berat</li>
 	<li>Meningkatkan dan memperpanjang produksi telur</li>
 	<li>Memperpendek masa rontok bulu</li>
</ul>
<strong>Keunggulan STRONG EGG</strong>

<strong>Efektif</strong>

Pemberian STRONG EGG secara rutin dapat meningkatkan produksi telur sekaligus menjadikan kualitas telur tetap baik (kerabang kuat, ukuran telur cukup dan berat telur baik).

<strong>Lengkap</strong>

Kandungan vitamin dan asam amino yang lengkap dalam STRONG EGG sangat mendukung produktivitas ayam petelur.

<strong>Mudah diberikan</strong>

STRONG EGG merupakan serbuk yang mudah larut dalam air minum sehingga pemberiannya mudah, hanya dilarutkan dalam air minum.

<strong>Aturan pakai</strong>

1 gram tiap liter air minum

Nomor Registrasi

Indonesia: KEMENTAN RI No. D 1211152 PTS.3",,Published,,0,"2026-07-02 17:20:38",1,open,TTS00041,,,no,no,,72000,,250,7,18,6,,,instock,no,no,,no,taxable,,,,,,'-1,'-1,,,"http://localhost:8000/wp-content/uploads/2026/07/Strong-Egg-250-Gram.png ! alt :  ! title : Strong-Egg-250-Gram.png ! desc :  ! caption : ",,http://localhost:8000/product/strong-egg-250-gram-multivitamin-peningkat-berat-telur-dan-penguat-kerabang-telur/,0,,,simple,,"Vitamin & Suplemen Ternak & Unggas",,,,,,,
"STRONG EGG 250 GRAM 1 BOX (20 SACHET) - Vitamin Untuk Peningkat Berat Dan Penguat Kerabang Telur",strong-egg-250-gram-1-box-20-sachet-vitamin-untuk-peningkat-berat-dan-penguat-kerabang-telur,,153,"<strong>STRONG EGG 250 GRAM 1 BOX (20 SACHET)</strong>

STRONG EGG adalah sediaan suplemen yang larut dalam air. Kandungan multivitamin dan asam amino yang terkandung di dalamnya berperan penting dalam membantu pembentukan telur, agar telur yang dihasilkan lebih besar dan kuat serta masa produksi telur bertahan lama.

<strong>Indikasi STRONG EGG</strong>
<ul>
 	<li>Memperkuat kerabang telur. Untuk mencegah telur tipis dan mudah pecah</li>
 	<li>Memperbesar telur. Telur yang diproduksi tiap hari menjadi lebih besar dan lebih berat</li>
 	<li>Meningkatkan dan memperpanjang produksi telur</li>
 	<li>Memperpendek masa rontok bulu</li>
</ul>
<strong>Aturan pakai</strong>

1 gram tiap liter air minum

<strong>ISI</strong>

1 BOX (20 SACHET)",,Published,,0,"2026-07-02 17:20:38",1,open,TTS00041X20,,,no,no,,1422000,,5500,23,33,30,,,instock,no,no,,no,taxable,,,,,,'-1,'-1,,,"http://localhost:8000/wp-content/uploads/2026/07/Strong-Egg-250-Gram.png ! alt :  ! title : Strong-Egg-250-Gram.png ! desc :  ! caption : ",,http://localhost:8000/product/strong-egg-250-gram-1-box-20-sachet-vitamin-untuk-peningkat-berat-dan-penguat-kerabang-telur/,0,,,simple,,"Vitamin & Suplemen Ternak & Unggas",,,,,,,
"INTERFLOX ORAL 1 LITER - Atasi Flu Dan Diare Pada Ternak Sapi, Kambing, Ayam",interflox-oral-1-liter-atasi-flu-dan-diare-pada-ternak-sapi-kambing-ayam,,160,"<strong>Interflox oral 1 liter</strong> obat infeksi saluran pernafasan dan pencernaan

<strong>Sifat-Sifat</strong>

Enrofloxacin termasuk Quinolon generasi terakhir, bersifat bakterisidal, bekerja langsung pada inti sel bakteri, dengan cara menghambat kerja enzym DNA-gyrase yang berakhir dengan kematian bakteri.

Sangat efektif membunuh Mycoplasma spp., bakteri gram negatif E. coli, Haemophilus, Pasteurella, Salmonella dan Campylobacter spp., pada babi dan ayam.

<strong>Indikasi</strong>

Pengobatan infeksi saluran pencernaan, pernafasan dan perkencingan yang disebabkan oleh Mycoplasma, bakteri E. coli, Haemophilus, Pasteurella, Salmonella dan Campylobacter spp., pada sapi, kambing, domba, babi dan ayam.

<strong>Dosis dan Cara Pemakaian</strong>

<strong>Ayam :</strong> 1 ml per 1,5-2 liter air minum.

<strong>Babi :</strong> 1 ml per 1-3 liter air minum.

Pemakaian selama 3-5 hari berturut-turut.",,Published,,0,"2026-07-02 17:21:01",1,open,TTS00042,,,no,no,,399000,,1000,10,24,9,,,outofstock,no,no,,no,taxable,,,,,,'-1,'-1,,,"http://localhost:8000/wp-content/uploads/2026/07/Interflox-Oral-1-Liter_-1000-ml.png ! alt :  ! title : Interflox-Oral-1-Liter_-1000-ml.png ! desc :  ! caption : ",,http://localhost:8000/product/interflox-oral-1-liter-atasi-flu-dan-diare-pada-ternak-sapi-kambing-ayam/,0,,,simple,outofstock,"Obat Ternak",,,,,,,
"KALBAZEN SG 100 ML ORAL - Efektif Membasmi Cacing Pada Kambing, Domba Dan Sapi.",kalbazen-sg-100-ml-oral-efektif-membasmi-cacing-pada-kambing-domba-dan-sapi,,161,"<strong>KALBAZEN SG 100 ML</strong>

Kalbazen SG mengandung Albe.ndaz.ole yang bekerja sebagai antelmintik berspektrum luas dan sangat efektif terhadap berbagai cacing, baik dalam bentuk dewasa, larva ataupun telur pada ternak kambing dan domba.

Albe.ndaz.ole dari kelompok benzimida.zole, bekerja dengan mengganggu fungsi seluler parasit sehingga menyebabkan kematian sel-sel serta menyebabkan ketidakmampuan bereproduksi pada cacing dewasa. Dengan demikian Kalbazen SG sangat efektif mengendalikan populasi cacing dewasa untuk mencegah infeksi dan re-infeksi cacing pada ternak kambing dan domba.

Albe.ndaz.ole memiliki batas dosis aman yang tinggi, yaitu 7.5 - 20 kali dosis yang dianjurkan.

<strong>INDIKASI</strong>

Memberantas tuntas semua jenis dan stadium cacing pada sapi, kerbau, kambing dan domba, seperti :
<ul>
 	<li>Cacing yang berada di lambung maupun di usus (larva dan dewasa) Ostertagia ostertagi, Haemonchus ssp, Trichostrongylus spp., Bunostomun phlebotomum, Oesophagostomum spp, Cooperia spp., Strongyloides, Nematodirus spp.</li>
 	<li>Cacing yang berada di paru - paru (larva dan dewasa) Dictyocaulus viviparus</li>
 	<li>Cacing pita (kepala dan segmennya) Moniezia benedeni, Moniezia expanda</li>
 	<li>Cacing hati (telur, larva dan dewasa) Fasciola gigantica, Fasciola hepatica</li>
 	<li>Cacing gilig (Nematoda) lainnya.</li>
</ul>
<strong>DOSIS</strong>

<strong>Domba/Kambing/Babi</strong>

- 6 ml / 30 kg BB (tanpa cacing hati)

- 7.5 ml / 30 kg BB (dengan cacing hati)

<strong>Ayam/Bebek/Unggas</strong>

- Anjing, kucing, kelinci 1 ml/kg bb

- 200 ml untuk 1000 ekor

<strong>PERINGATAN</strong>

- Kalbazen tidak boleh diberikan pada sapi/ kerbau/hewan yang sedang bunting.

- Obat dihentikan 10 hari sebelum hewan dipotong.

- Simpan di tempat yang teduh dan terhindar dari jangkauan anak-anak.

<strong>Selamat Belanja!</strong>",,Published,,0,"2026-07-02 17:21:01",1,open,TTS00043,,,no,no,,26500,,250,5,14,5,,,outofstock,no,no,,no,taxable,,,,,,'-1,'-1,,,"http://localhost:8000/wp-content/uploads/2026/07/Kalbazen-Sg-100-ml-_-Kalbe.png ! alt :  ! title : Kalbazen-Sg-100-ml-_-Kalbe.png ! desc :  ! caption : ",,http://localhost:8000/product/kalbazen-sg-100-ml-oral-efektif-membasmi-cacing-pada-kambing-domba-dan-sapi/,0,,,simple,outofstock,"Obat Ternak",,,,,,,
"MINERAL BLOK CALPHOS 3 KG - Mineral Blok Untuk Menambah Selera Makan Ternak Sapi Dan Kambing.",mineral-blok-calphos-3-kg-mineral-blok-untuk-menambah-selera-makan-ternak-sapi-dan-kambing,,162,"<strong>Mineral Blok khusus untuk Sapi dan Kambing Perah Kemasan 3kg</strong>

Mineral Blok Royal Calphos merupakan suplemen bergizi yang sangat bermanfaat bagi kesehatan hewan ternak Anda. Hewan ternak yang mengosumsi Mineral Blok Royal Calphos serta air minum secara teratur maka akan terhindar dari bahaya konsumsi benda-benda yang bukan pakan seperti tanah, kerikil, tulang, plastik, kain, dll. Selain itu kandungan gizi pada garam jilat yang lengkap akan mengurangi resiko diare pada hewan ternak akibat konsumsi benda bukan pakan. Meningkatkan siklus reproduksi Sapi

<strong>Manfaat:</strong>

1. Meningkatkan daya tahan terhadap penyakit.

2. Menambah nafsu makan.

3. Meningkatkan siklus reproduksi ternak.

4. Meningkatkan kualitas susu ternak.

5. Melengkapi nutrisi sebagai sumber mineral dan garam.

6. Meningkatkan kekuatan tulang dan memelihara ambing.

<strong>Komposisi Mineral :</strong>

Na : 37.55%

Ca : 1.22%

Mg : 1.15%

P : 0.11%

Mineral tambahan: Fe, Zn, Cu, Mn, Co, I dan Se Tambahan Vitamin A, D3 dan E

<strong>Keunggulan produk Royal Mineral Blok:</strong>

1. Import dari Turki.

2. Tidak mudah rusak akibat jatuh atau terkena percikan air.

3. Kemasan 3 kg

<strong>Selamat belanja!</strong>",,Published,,0,"2026-07-02 17:21:01",1,open,TTS00044,,,no,no,,130200,,3200,14,12,14,,,outofstock,no,no,,no,taxable,,,,,,'-1,'-1,,,"http://localhost:8000/wp-content/uploads/2026/07/Mineral-Block-Calphos-3kg.png ! alt :  ! title : Mineral-Block-Calphos-3kg.png ! desc :  ! caption : ",,http://localhost:8000/product/mineral-blok-calphos-3-kg-mineral-blok-untuk-menambah-selera-makan-ternak-sapi-dan-kambing/,0,,,simple,outofstock,"Mineral Blok",,,,,,,
"PREMIX SAPI MASTER BEEF 1 KG - PREMIUM QUALITY Premix penggemukan Untuk Sapi.",premix-sapi-master-beef-1-kg-premium-quality-premix-penggemukan-untuk-sapi,,163,"<strong>Manfaat PREMIX MASTER BEEF:</strong>
<ul>
 	<li>Mempercepat pertumbuhan Meningkatkan berat badan (ADG)</li>
 	<li>Memperbaiki kualitas pakan</li>
 	<li>Efisiensi pakan</li>
 	<li>Meningkatkan daya tahan terhadap penyakit</li>
 	<li>Membantu pertumbuhan bulu</li>
 	<li>Mengurangi bau kotoran</li>
</ul>
<strong>Dosis PREMIX MASTER BEEF:</strong>

1 kg untuk 200 kg pakan

<strong>Teknis Pemakaian PREMIX MASTER BEEF:</strong>

Pemakaian untuk satu ekor ternak
<ul>
 	<li>Untuk sapi bobot dibawah 200 kg, 1 sendok makan perhari</li>
 	<li>Untuk sapi bobot 200 - 400 kg, 2 sendok makan perhari</li>
 	<li>Untuk sapi bobot 400 - 600 kg, 3 sendok makan perhari</li>
</ul>",,Published,,0,"2026-07-02 17:21:01",1,open,TTS00045,,,no,no,,50000,,1000,8,16,23,,,instock,no,no,,no,taxable,,,,,,'-1,'-1,,,"http://localhost:8000/wp-content/uploads/2026/07/Premix-Master-Beef-1kg.png ! alt :  ! title : Premix-Master-Beef-1kg.png ! desc :  ! caption : ",,http://localhost:8000/product/premix-sapi-master-beef-1-kg-premium-quality-premix-penggemukan-untuk-sapi/,0,,,simple,,"Premix Ternak",,,,,,,
"KAPORIT TCCA GRANULAR 90% 1 DRUM 50 KG - Untuk Penjernih Air Kolam Renang Berkualitas.",kaporit-tcca-granular-90-1-drum-50-kg-untuk-penjernih-air-kolam-renang-berkualitas,,164,"<strong>Barang :</strong> TCCA 90%

<strong>Bentuk :</strong> Granular

<strong>Warna :</strong> Putih

<strong>Netto :</strong> 1 KG

<strong>Berfungsi sebagai :</strong>
<ul>
 	<li>Desinfektant untuk air baku, kolam renang, sumur, selokan, dll.</li>
 	<li>Menjernihkan air</li>
 	<li>Membunuh bakteri, kuman, jamur dan virus dalam air</li>
 	<li>Pemutih untuk pakaian warna putih.</li>
 	<li>Memiliki zat aktif 90% dimana lebih efektik dibanding kaporit biasa yang memiliki kadar 60%</li>
</ul>
Mohon tambahkan pesanan kardus + bubble wrap untuk keamanan ekstra paket anda selama proses pengiriman.",,Published,,0,"2026-07-02 17:21:01",1,open,TTS00046,,,no,no,,1700000,,50000,31,35,58,,,instock,no,no,,no,taxable,,,,,,'-1,'-1,,,"http://localhost:8000/wp-content/uploads/2026/07/Kaporit-Tcca-Granular-90-1-Drum-50kg.png ! alt :  ! title : Kaporit-Tcca-Granular-90-1-Drum-50kg.png ! desc :  ! caption : ",,http://localhost:8000/product/kaporit-tcca-granular-90-1-drum-50-kg-untuk-penjernih-air-kolam-renang-berkualitas/,0,,,simple,,"Desinfektan & Antiseptik",,,,,,,
"AMILYTE ZAGRO 1 KG - MultiVitamin Dan Suplemen Asam Amino Elektrolit Untuk Ayam Dll.",amilyte-zagro-1-kg-multivitamin-dan-suplemen-asam-amino-elektrolit-untuk-ayam-dll,,165,"<strong>Amilyte</strong>

Kombinasi vitamin, asam amino dan elektrolit

Mengandung asam amino esensial yang lengkap

Kelarutan baik

Sebagai sumber mikronutrien pada kondisi tropis dan untuk metoda intensifikasi produksi

<strong>Untuk memperbaiki penampilan :</strong> 1 g Amylite / 2 l air minum diberikan terus-menerus

<strong>Untuk anti-stress :</strong> 1 g Amylite / l air minum

<strong>Untuk produksi telur :</strong> 5 g Amylite / 20 l air minum selama sedikitnya 3-5 hari

<strong>Untuk growth promotor :</strong> 5 g Amylite / 15 l air minum selama sedikitnya 3-5 hari

<strong>Tiap kg mengandung :</strong>

Vitamin A : 18, 0 miu

Vitamin D3 : 4, 0 miu

Vitamin E : 6, 5 g

Vitamin B2 : 3, 5 g

Vitamin K3 : 2, 0 g

Nicotinic acid : 17, 0 g

Panthothenic acid : 7 g

Lysine : 20, 0 g

Methionine : 10, 0 g

Magnesium : 6, 0 g

Potassium : 7, 5 g

Sodium : 20, 0 g

Folic Acid : 0, 4 g

Vitamin B1 : 1, 5 g

Vitamin B6 : 2, 5 g

Biotin : 15, 0 g

Vitamin B12 : 10, 0 g

Vitamin C : 12, 0 g

Threonine : 5, 0 g

<strong>PETUNJUK PEMAKAIAN :</strong>

<strong>- PEMBERIAN KONTINYU</strong>

100 g AMILYTE PER 200 L AIR MINUM

<strong>- PEMBERIAN INTENSIF</strong>

100 g AMILYTE PER 100 L AIR MINUM

<strong>- PRODUKSI TELUR</strong>

5 g AMILYTE PER 20 L AIR MINUM, SEBAIKNYA DIBERIKAN SEDIKITNYA 3 - 5 HARI

<strong>- PEMACU PERTUMBUHAN</strong>

5 g AMILYTE PER 15 L AIR MINUM, SEBAIKNYA DIBERIKAN SEDIKITNYA 3 - 5 HARI

<strong>PERHATIAN</strong>

OBAT HANYA UNTUK HEWAN",,Published,,0,"2026-07-02 17:21:02",1,open,TTS00049,,,no,no,,274000,,1000,7,29,16,,,outofstock,no,no,,no,taxable,,,,,,'-1,'-1,,,"http://localhost:8000/wp-content/uploads/2026/07/Amilyte-1-Kg-Zagro.png ! alt :  ! title : Amilyte-1-Kg-Zagro.png ! desc :  ! caption : ",,http://localhost:8000/product/amilyte-zagro-1-kg-multivitamin-dan-suplemen-asam-amino-elektrolit-untuk-ayam-dll/,0,,,simple,outofstock,"Vitamin & Suplemen Ternak & Unggas",,,,,,,
"SALEP KOREB 20 GRAM - Mengobati Penyakit Kurap, Kulit Ayam Dan Membasmi Jamur pada Kulit Ayam.",salep-koreb-20-gram-mengobati-penyakit-kurap-kulit-ayam-dan-membasmi-jamur-pada-kulit-ayam,,166,"<strong>SALEP KOREB Obat kulit ayam aduan</strong>

<strong>INDIKASI:</strong>

Mengobati penyakit kulit pada ayam seperti kropeng, bercak putih, dll

<strong>Komposisi:</strong>
<ul>
 	<li>Sulfur deparatum........... 20%</li>
 	<li>Sulfamerazin................... 5%</li>
 	<li>Vaselin album................. 75%</li>
</ul>
<strong>ATURAN PAKAI:</strong>

Oleskan pada kulit yang sakit setiap hari sekali sampai sembuh

<strong>Selamat Belanja!</strong>",,Published,,0,"2026-07-02 17:21:02",1,open,TTS00052,,,no,no,,11000,,20,5,14,4,,,instock,no,no,,no,taxable,,,,,,'-1,'-1,,,"http://localhost:8000/wp-content/uploads/2026/07/Salep-Koreb-20-Gram.png ! alt :  ! title : Salep-Koreb-20-Gram.png ! desc :  ! caption : ",,http://localhost:8000/product/salep-koreb-20-gram-mengobati-penyakit-kurap-kulit-ayam-dan-membasmi-jamur-pada-kulit-ayam/,0,,,simple,,"Luka Hewan Ternak",,,,,,,
"AGITA SUPER 100 GRAM - Racun Pembasmi Lalat Tabur Ampuh.",agita-super-100-gram-racun-pembasmi-lalat-tabur-ampuh,,172,"<strong>AGITA SUPER 100 GRAM</strong>

Racun Lalat AGITA SUPER berbentuk butiran halus seperti berwarna merah muda dan telah dirancang agar mudah digunakan dan sangat ampuh. Ketika lalat tersentuh oleh racun lalat AGITA SUPER akan langsung mabuk dan tidak lama kemudian akan mati.

<strong>Cara pakai:</strong>
<ul>
 	<li>Taburkan racun lalat AGITA SUPER di atas alas seperti koran, ratakan, semprotkan sedikit air dan letakkan di area yang banyak lalatnya.</li>
 	<li>Jangan dicampur dengan umpan apapun karena racun ini sudah mengandung umpan.</li>
 	<li>Gunakan pelindung tangan karena racun ini sangat keras.</li>
</ul>
<strong>Selamat Belanja!</strong>",,Published,,0,"2026-07-02 17:21:34",1,open,TTS00053,,,no,no,,30000,,100,5,5,10,,,outofstock,no,no,,no,taxable,,,,,,'-1,'-1,,,"http://localhost:8000/wp-content/uploads/2026/07/Agita-Super-100-Gram.png ! alt :  ! title : Agita-Super-100-Gram.png ! desc :  ! caption : ",,http://localhost:8000/product/agita-super-100-gram-racun-pembasmi-lalat-tabur-ampuh/,0,,,simple,outofstock,"Antibiotik & Anti Inflamasi",,,,,,,
"TEMPAT MINUM AYAM 2 LITER BY MEDION - Alat Minum Ayam Ternak Kesayangan.",tempat-minum-ayam-2-liter-by-medion-alat-minum-ayam-ternak-kesayangan,,173,"<strong>TEMPAT MINUM AYAM 2 LITER MEDION</strong>

<strong>KEUNGGULAN</strong>

• Dirancang khusus agar mudah dalam memberikan air minum pada ayam dan mudah dibersihkan

• Bahan baku TMA tidak mempengaruhi daya kerja zat aktif obat, vitamin, desinfektan maupun virus vaksin

• Mudah dibersihkan

<strong>SPESIFIKASI</strong>

• Dimensi piring : 20 x 2,1 cm

• Dimensi assembly : 20 x 23 cm

• Volume : 2670 ml

• Daya tampung : 50-60 ekor

• Selain untuk anak ayam (DOC), bisa digunakan juga untuk puyuh

• Digunakan dengan cara diletakkan di lantai atau digantung

<strong>Keterangan untuk produk TMA:</strong>

• Volume adalah kapasitas air maksimal dari masing-masing alat

• Pengukuran daya tampung ayam dilakukan menggunakan ayam pedaging, sehingga untuk ayam petelur akan mampu menampung lebih banyak

• Kisaran daya tampung disesuaikan dengan umur ayam. Angka terendah untuk ayam dewasa dan angka tertinggi untuk anak ayam",,Published,,0,"2026-07-02 17:21:34",1,open,TTS00058,,,no,no,,25000,,1000,20,20,24,,,outofstock,no,no,,no,taxable,,,,,,'-1,'-1,,,"http://localhost:8000/wp-content/uploads/2026/07/Tempat-Minum-Ayam-2-L-_-Medion.png ! alt :  ! title : Tempat-Minum-Ayam-2-L-_-Medion.png ! desc :  ! caption : ",,http://localhost:8000/product/tempat-minum-ayam-2-liter-by-medion-alat-minum-ayam-ternak-kesayangan/,0,,,simple,outofstock,"Perlengakapan Ternak",,,,,,,
"GAYEMI 25 GRAM - Untuk Peningkatkan Selera Makan Dan Penggemuk Sapi, Kerbau, Kambing Dan Domba.",gayemi-25-gram-untuk-peningkatkan-selera-makan-dan-penggemuk-sapi-kerbau-kambing-dan-domba,,174,"<strong>GAYEMI 25 gr Meningkatkan Nafsu Makan EKA FARMA</strong>

<strong>Komposisi:</strong>

<strong>Tiap gram mengandung :</strong>
<ul>
 	<li>Alpinia galanga Rhizoma 10%</li>
 	<li>Amoni Fructus 5%</li>
 	<li>Curcuma Rhizoma ad 85%</li>
</ul>
<strong>Indikasi:</strong>
<ul>
 	<li>Meningkatkan nafsu makan</li>
 	<li>Tenaga tarik bertambah</li>
 	<li>Tahan terhadap penyakit</li>
</ul>
<strong>Aturan Pakai:</strong>
<ul>
 	<li>Untuk sapi, kerbau dewasa diberi 1 bungkus</li>
 	<li>Untuk kambing, domba dewasa, anak sapi, anak kerbau diberi setengah bungkus</li>
 	<li>Untuk anak kambing diberi 1/4 bungkus</li>
</ul>
<strong>Selamat Belanja!</strong>",,Published,,0,"2026-07-02 17:21:34",1,open,TTS00059,,,no,no,,4150,,25,3,13,18,,,instock,no,no,,no,taxable,,,,,,'-1,'-1,,,"http://localhost:8000/wp-content/uploads/2026/07/Gayemi-25-Gram-_-Eka-Farma.png ! alt :  ! title : Gayemi-25-Gram-_-Eka-Farma.png ! desc :  ! caption : ",,http://localhost:8000/product/gayemi-25-gram-untuk-peningkatkan-selera-makan-dan-penggemuk-sapi-kerbau-kambing-dan-domba/,0,,,simple,,"Jamu Ternak",,,,,,,
"DICODINE SPRAY 50 ML - Mempercepat Penyembuhan Luka Dan Bebas Lalat Dan Larva - GUSANEX MINI.",dicodine-spray-50-ml-mempercepat-penyembuhan-luka-dan-bebas-lalat-dan-larva-gusanex-mini,,175,"<strong>DICODINE</strong> merupakan obat semprot (spray) yang secara khusus diformulasikan untuk mempercepat penyembuhan luka dan mencegah terjadinya myasis (belatungan)

<strong>Indikasi DICODINE</strong>

Membasmi larva lalat dan mengobati luka atau myasis pada sapi, babi, kambing, domba, anjing, ayam komersial, ayam laga, dan kuda

<strong>Keunggulan DICODINE</strong>

DICODINE mampu membunuh 100% larva lalat yang terdapat pada luka hanya dengan 1 kali penyemprotan

Pemberian DICODINE dapat mempercepat penyembuhan luka

Aplikasi praktis, hanya disemprot

Ukuran kemasan ekonomis

<strong>Dosis dan Aturan Pakai</strong>

Bersihkan luka, kocok DICODINE, kemudian semprotkan secara langsung pada luka yang telah dibersihkan dalam posisi tegak dengan jarak 10 cm dari luka dan semprotkan secara merata hingga basah. Diberikan setiap 3-7 hari sekali hingga luka sembuh

<strong>Nomor Registrasi</strong>

Indonesia: KEMENTAN RI No. D 13044514 PTC

<strong>Kemasan</strong>

Vial 5oz / 50ml",,Published,,0,"2026-07-02 17:21:34",1,open,TTS00063,,,no,no,,58400,,150,5,5,16,,,instock,no,no,,no,taxable,,,,,,'-1,'-1,,,"http://localhost:8000/wp-content/uploads/2026/07/Dicodine-Spray-50-ml-_-Medion.png ! alt :  ! title : Dicodine-Spray-50-ml-_-Medion.png ! desc :  ! caption : ",,http://localhost:8000/product/dicodine-spray-50-ml-mempercepat-penyembuhan-luka-dan-bebas-lalat-dan-larva-gusanex-mini/,0,,,simple,,"Luka Hewan Ternak",,,,,,,
"PROPETS KEMASAN 600 GRAM - Susu Rekomendasi Untuk Kucing dan Anjing Non Lactose.",propets-kemasan-600-gram-susu-rekomendasi-untuk-kucing-dan-anjing-non-lactose,,176,"<strong>PROPETS 600 Gram</strong>

<strong>Keunggulan Susu Pro Pet:</strong>
<ul>
 	<li>Tidak mengandung laktosa, sehingga tidak membuat hewan peliharaan Anda mencret / diare.</li>
 	<li>Memiliki kandungan kalsium &amp; protein yg tinggi, sehingga sangat baik u/ kesehatan &amp; pertumbuhan tulang anjing &amp; kucing Anda.</li>
 	<li>Mengandung vitamin E yg baik u/ pertumbuhan bulu anjing &amp; kucing Anda.</li>
 	<li>Meningkatkan antibodi anjing &amp; kucing Anda, sehingga tidak mudah terserang penyakit.</li>
 	<li>Menjadikan anjing &amp; kucing Anda gemuk padat berisi, tidak kurus kering lagi. Tentunya hewan peliharaan Anda pun menjadi lebih sehat &amp; energik.</li>
 	<li>Membantu pertumbuhan janin pada anjing &amp; kucing yg sedang hamil.</li>
 	<li>Memperbanyak air susu bagi induk yg sedang menyusui.</li>
 	<li>Memaksimalkan pertumbuhan tubuh pd anak anjing &amp; kucing.</li>
</ul>
<strong>Ingredients :</strong>
<ul>
 	<li>Protein 19.31</li>
 	<li>Fat 24.41</li>
 	<li>Moisture 2.26</li>
</ul>
<strong>Selamat Belanja!</strong>",,Published,,0,"2026-07-02 17:21:34",1,open,TTS00064,,,no,no,,20000,,600,7,29,16,,,instock,no,no,,no,taxable,,,,,,'-1,'-1,,,"http://localhost:8000/wp-content/uploads/2026/07/Propet-600-Gram-1.png ! alt :  ! title : Propet-600-Gram-1.png ! desc :  ! caption : ",,http://localhost:8000/product/propets-kemasan-600-gram-susu-rekomendasi-untuk-kucing-dan-anjing-non-lactose/,0,,,simple,,"Susu Anabul",,,,,,,
"KUMAVIT 250 GRAM BY MEDION - Multivitamin Dan Herbal Penambah Nafsu Makan Hewan Ternak Kesayangan.",kumavit-250-gram-by-medion-multivitamin-dan-herbal-penambah-nafsu-makan-hewan-ternak-kesayangan,,182,"<strong>KUMAVIT</strong>

Merupakan sediaan serbuk larut air yang mengandung tanaman herbal berupa ekstrak Curcuma, serta multivitamin, asam amino, dan elektrolit. KUMAVIT diproduksi dari bahan baku pilihan, dengan ekstrak herbal yang stabil, berkualitas dan terstandarisasi.

<strong>KEUNGGULAN</strong>

1. Meningkatkan nafsu makan. Zat aktif dalam ekstrak Curcuma dapat mempercepat proses metabolisme (pencernaan) nutrisi. Efeknya, lambung lebih cepat kosong dan nafsu makan ayam akan meningkat.

2. Menambah daya tahan tubuh. Kombinasi tepat antara ekstrak Curcuma, multivitamin, asam amino, dan elektrolit dalam KUMAVIT dapat menambah daya tahan tubuh ayam.

3. Mencegah stres dan kekurangan vitamin. Pemberian KUMAVIT yang juga mengandung vitamin C dan elektrolit dapat mencegah stres pada ayam.

4. Kandungannya lengkap dan seimbang

5. Bebas residu dan aman diberikan secara kontinyu.

<strong>DOSIS PEMAKAIAN</strong>

Larutkan 1 gram KUMAVIT dalam 2 liter air minum hewan.

<strong>KEMASAN</strong>

250 gram",,Published,,0,"2026-07-02 17:22:00",1,open,TTS00065,,,no,no,,46800,,250,7,18,6,,,instock,no,no,,no,taxable,,,,,,'-1,'-1,,,"http://localhost:8000/wp-content/uploads/2026/07/Kumavit-250-G-_-Medion.png ! alt :  ! title : Kumavit-250-G-_-Medion.png ! desc :  ! caption : ",,http://localhost:8000/product/kumavit-250-gram-by-medion-multivitamin-dan-herbal-penambah-nafsu-makan-hewan-ternak-kesayangan/,0,,,simple,,"Vitamin & Suplemen Ternak & Unggas",,,,,,,
"INTRACIN 10S 50 ML - Hormon Perangsang Kontraksi Uterus dan Kelenjar Mamalia.",intracin-10s-50-ml-hormon-perangsang-kontraksi-uterus-dan-kelenjar-mamalia,,183,"<strong>INTRACIN 10S 50 ML</strong>

<strong>INDIKASI:</strong>
<ul>
 	<li>Memperlancar dan memperbanyak produksi air susu.</li>
 	<li>Mempercepat involusi uteri.</li>
 	<li>Mengatasi gangguan reproduksi seperti kelemahan umum, atoni uterus saat</li>
</ul>
<strong>DOSIS &amp; CARA PEMAKAIAN:</strong>

Injeksi IM SC

<strong>Sapi, kuda :</strong> 4 - 5 ml Intracin-10S.

<strong>Kambing, domba :</strong> 1 - 3 ml Intracin-10S.

<strong>Babi :</strong> 2 - 4 ml Intracin-10S.

<strong>Anjing :</strong> 0,5 - 2 ml Intracin-10S.

<strong>Kucing :</strong> 0,3 - 0,5 ml Intracin-10S.

<strong>Waktu henti obat :</strong> Karkas dan Susu 1 hari

<strong>KEMASAN</strong>

Intracin 10S: 50 ml",,Published,,0,"2026-07-02 17:22:01",1,open,TTS00066,,,no,no,,79100,,150,4,4,8,,,instock,no,no,,no,taxable,,,,,,'-1,'-1,,,"http://localhost:8000/wp-content/uploads/2026/07/Intracin-10s-50-ml-_-TMC.png ! alt :  ! title : Intracin-10s-50-ml-_-TMC.png ! desc :  ! caption : ",,http://localhost:8000/product/intracin-10s-50-ml-hormon-perangsang-kontraksi-uterus-dan-kelenjar-mamalia/,0,,,simple,,"Obat Ternak",,,,,,,
"RHODIVIT 100 GRAM - Multivitamin Untuk Meningkatkan Pertumbuhan Pada Unggas dan Ternak",rhodivit-100-gram-multivitamin-untuk-meningkatkan-pertumbuhan-pada-unggas-dan-ternak,,184,"<strong>RHODIVIT 100 GRAM</strong>

Rhodivit merupakan Multivitamin KONSENTRASI TINGGI (13 Vitamin MICROVIT), untuk pertumbuhan, produksi dan reproduksi yang optimal serta daya tahan tubuh hewan yang kuat. Multivitamin ini dalam bentuk MICROVIT yang sangat tinggi kelarutannya sehingga dosis tinggi hanya perlu sedikit saja penggunaannya.

<strong>KOMPOSISI (setiap kg) :</strong>
<ul>
 	<li>Vitamin A : 60.000.000 IU</li>
 	<li>Vitamin D3: 12.000.000 IU</li>
 	<li>Vitamin E: 120.000mg</li>
 	<li>Vitamin B2: 24.000mg</li>
 	<li>Vitamin B1: 2.100mg</li>
 	<li>Vitamin B6: 4.200mg</li>
 	<li>Vitamin B12: 42mg</li>
 	<li>Vitamin K3: 6.000mg</li>
 	<li>Ca-d-panthotenate: 30.000mg</li>
 	<li>Nico.tinic acid: 60.000mg</li>
 	<li>Folic Acid: 3.000 mg</li>
 	<li>Biotin: 105mg</li>
 	<li>Vitamin C: 150.000mg</li>
</ul>
<strong>KEGUNAAN</strong>
<ul>
 	<li>Mempercepat pertumbuhan.</li>
 	<li>Meningkatkan daya tahan tubuh.</li>
 	<li>Meningkatkan kualitas daging.</li>
 	<li>Tingkatkan produksi susu.</li>
 	<li>Mencegah defisiensi vitamin.</li>
 	<li>Mengurangi stress akibat sakit, keletihan dan pasca vaksinasi.</li>
 	<li>Meningkatkan reproduksi dan daya tetas telur unggas.</li>
</ul>
<strong>DOSIS</strong>
<ul>
 	<li>Untuk unggas 1gr/12lt air minum, diberikan 5 hari berturut-turut setiap bulan.</li>
 	<li>Untuk sapi, domba, babi 10 gr lewat pakan atau air minum, 5 hari berturut tiap bulan</li>
</ul>
<strong>Selamat Belanja!</strong>",,Published,,0,"2026-07-02 17:22:01",1,open,TTS00067,,,no,no,,68500,,250,7,18,6,,,outofstock,no,no,,no,taxable,,,,,,'-1,'-1,,,"http://localhost:8000/wp-content/uploads/2026/07/Rhodivit-100-Gram-_-Rhomindo.png ! alt :  ! title : Rhodivit-100-Gram-_-Rhomindo.png ! desc :  ! caption : ",,http://localhost:8000/product/rhodivit-100-gram-multivitamin-untuk-meningkatkan-pertumbuhan-pada-unggas-dan-ternak/,0,,,simple,outofstock,"Vitamin & Suplemen Ternak & Unggas",,,,,,,
"TRYPONIL 1 SACHET - Untuk Surra, Babesiosis Dan Theileriosis Hewan Ternak & Peliharaan.",tryponil-1-sachet-untuk-surra-babesiosis-dan-theileriosis-hewan-ternak-peliharaan,,185,"<strong>TRYPONIL</strong>

Mengobati penyakit parasit darag Trypanosomiasis (Surra), dan Piroplasmosis (Babesiosis dan Theileriosis)

<strong>ZAT AKTIF</strong>

Termasuk obat kelompok Diamidin Aromatik yang aktif terhadap parasit dara.h Trypanosoma (Surra) dan Piroplasma (Babesia dan Theileria). Bekerja dengan cara mengganggu proses glikolisis aerob yang berguna dalam sintesis DNA parasit.

<strong>Phenazone</strong>

Kelompok obat antipiretik, anti-inflamasi dan analgesik untuk terapi simtomatis sebagai penurun panas, anti radang serta mengurangi rasa sakit akibat penyakit parasit darah dan reaksi post injeksi.

<strong>INDIKASI</strong>

Pengobatan parasit dara.h Trypanosomiasis (Surra) dan Piroplasmosis (Babesiosis dan Theileriosis) pada sapi, kerbau, kuda, kambing, domba, babi, anjing dan kucing.

<strong>DOSIS</strong>

Pemberian secara subkutan atau intramuskular.

<strong>Cara melarutkan obat :</strong> 1 sachet dilarutkan dalam 15 ml aqua pro injeksi.

Suntikan 1 ml larutan obat per 20 kg berat badan.

<strong>Kemasan</strong>

1 Sachet (2,36 gram)

<strong>Selamat Belanja!</strong>",,Published,,0,"2026-07-02 17:22:02",1,open,TTS00068,,,no,no,,102700,,2,1,12,8,,,instock,no,no,,no,taxable,,,,,,'-1,'-1,,,"http://localhost:8000/wp-content/uploads/2026/07/Tryponil-1-Sachet-_-TMC.png ! alt :  ! title : Tryponil-1-Sachet-_-TMC.png ! desc :  ! caption : ",,http://localhost:8000/product/tryponil-1-sachet-untuk-surra-babesiosis-dan-theileriosis-hewan-ternak-peliharaan/,0,,,simple,,"Obat Ternak",,,,,,,
"TRYPONIL 1 BOX (ISI 10 SACHET) - Untuk Surra, Babesiosis Dan Theileriosis Hewan Ternak & Peliharaan.",tryponil-1-box-isi-10-sachet-untuk-surra-babesiosis-dan-theileriosis-hewan-ternak-peliharaan,,186,"<strong>TRYPONIL 1 BOX (ISI 10 SACHET)</strong>

<strong>INDIKASI</strong>

Untuk Surra, Babesiosis Dan Theileriosis pada sapi, kerbau, kuda, kambing, domba, babi, anjing dan kucing.

<strong>DOSIS</strong>

<strong>Cara melarutkan :</strong> 1 sachet dilarutkan dalam 15 ml aqua pro inj.

1 ml larutan per 20 kg berat badan.

<strong>Kemasan</strong>

1 BOX (ISI 10 SACHET)",,Published,,0,"2026-07-02 17:22:02",1,open,TTS00068X10,,,no,no,,1009000,,35,5,12,5,,,instock,no,no,,no,taxable,,,,,,'-1,'-1,,,"http://localhost:8000/wp-content/uploads/2026/07/Tryponil-1-Box_-TMC.png ! alt :  ! title : Tryponil-1-Box_-TMC.png ! desc :  ! caption : ",,http://localhost:8000/product/tryponil-1-box-isi-10-sachet-untuk-surra-babesiosis-dan-theileriosis-hewan-ternak-peliharaan/,0,,,simple,,Uncategorized,,,,,,,
"KIT MILK 100 GRAM - Cocok Untuk Susu Kucing Segala Jenis Usia.",kit-milk-100-gram-cocok-untuk-susu-kucing-segala-jenis-usia,,192,"<strong>KITMILK 100 GRAM</strong>

FORMULA UNTUK KUCING DAN ANJING

<strong>INDIKASI:</strong>
<ul>
 	<li>Menambah berat badan</li>
 	<li>Membantu meningkatkan daya tahan tubuh</li>
 	<li>Menambah nafsu makan</li>
 	<li>Pemulihan dan pemeliharaan kesehatan</li>
 	<li>Mencegah stress</li>
</ul>
<strong>Baik digunakan:</strong>
<ul>
 	<li>Untuk hewan disegala usia ( terutama baru lahir )</li>
 	<li>Untuk pemeliharaan dan stamina</li>
</ul>
Kemasan 100 gram",,Published,,0,"2026-07-02 17:22:40",1,open,TTS00069,,,no,no,,7500,,100,5,14,4,,,instock,no,no,,no,taxable,,,,,,'-1,'-1,,,"http://localhost:8000/wp-content/uploads/2026/07/Kit-Milk-100-Gram.png ! alt :  ! title : Kit-Milk-100-Gram.png ! desc :  ! caption : ",,http://localhost:8000/product/kit-milk-100-gram-cocok-untuk-susu-kucing-segala-jenis-usia/,0,,,simple,,"Susu Anabul",,,,,,,
"Sodium Humate | Asam Humat | Humate Acid Kemasan 25kg - Untuk Meningkatkan pH Tanah",sodium-humate-asam-humat-humate-acid-kemasan-25kg-untuk-meningkatkan-ph-tanah,,193,"<strong>ASAM HUMAT 85% 25KG</strong>

Asam Humate asli tanpa campuran apapun. Di jamin Kualitas dan Kemurnian nya 85%.

<strong>Ciri"" asam humate asli dan kualitas tinggi:</strong>
<ul>
 	<li>Larut di air walau pun gak di aduk.</li>
 	<li>Tidak ada sisa bubuk yang mengambang.</li>
</ul>
<strong>Type :</strong> Powder.

<strong>Colour :</strong> Black.

<strong>Content of sodium humate (as dry basis) :</strong> 85% Mininum

<strong>Content of humic acid :</strong> 50% min.

<strong>Moisture :</strong> 20% max

<strong>Classification :</strong> Organic Fertilizer.

<strong>PH Value :</strong> 9-10.

<strong>WAJIB PAKAI</strong> untuk system Organik mau pun Non Organik

Banyak penelitian telah menunjukkan bahwa zat sodium humate yang terkandung dalam pupuk sodium humate, memiliki efek positif pada tanaman tanaman. Humates mengandung garam organik, yang mengaktifkan merangsang perkembangan tanaman dan meningkatkan kekebalannya. Sodium humate mengurangi permintaan tanaman akan pupuk nitrogen hingga 50%, dan juga meningkatkan hasil panen hingga 15-20%. Pupuk organik ini mengembalikan sifat kimia dan fisik tanah, yang pada gilirannya meningkatkan ketahanan tanaman terhadap radionuklida dan nitrat

<strong>KARAKTERISTIK ASAM HUMAT :</strong>

Memiliki warna coklat tua,abu abu,hingga hitam dan larut dalam air.

<strong>Fisik :</strong> powder

<strong>Manfaat Untuk Pertanian:</strong>
<ul>
 	<li>Meningkatkan jumlah komponen aktif secara biologis pada tanaman</li>
 	<li>Tingkat kelangsungan hidup terbaik dan perkecambahan dalam pengobatan akar dan biji sebelum tanam</li>
 	<li>Akumulasi vitamin dan nutrisi dalam sayuran dan buah-buahan</li>
 	<li>Peningkatan hasil dan pematangan dipercepat.</li>
 	<li>Menstabilkan pH tanah,</li>
 	<li>Mengembalikan unsur hara, dan sebagai penyubur tanaman.</li>
</ul>
<strong>Bidang Peternakan:</strong>
<ul>
 	<li>Menyerap racun yang masuk dalam perut, menstabilkan keberadaan bakteri non pathogen dalam pencernaan.</li>
 	<li>Mengeringkan Kotoran dan menyerap amoniak</li>
 	<li>Meningkatkan proses pencernaan nutrisi pakan</li>
 	<li>Anti diare</li>
</ul>
<strong>Cara pakai:</strong>
<ul>
 	<li>Ambil 1 genggam ditambah npk 1 sendok makan campur dengan air 10 liter lalu kocorkan</li>
 	<li>Lakukan sebulan 1 kali</li>
</ul>
<strong>Dosis:</strong> 500gr - 1,5kg / ton pakan",,Published,,0,"2026-07-02 17:22:41",1,open,TTS00070,,,no,no,,240000,,25000,41,52,9,,,instock,no,no,,no,taxable,,,,,,'-1,'-1,,,"http://localhost:8000/wp-content/uploads/2026/07/Sodium-Humate-Kemasan-25kg.png ! alt :  ! title : Sodium-Humate-Kemasan-25kg.png ! desc :  ! caption : ",,http://localhost:8000/product/sodium-humate-asam-humat-humate-acid-kemasan-25kg-untuk-meningkatkan-ph-tanah/,0,,,simple,,Pupuk,,,,,,,
"VITAMIN C TERNAK 98% 1 KG - Meningkatkan Daya Tahan Tubuh Ternak Pada Ayam, Babi, Sapi",vitamin-c-ternak-98-1-kg-meningkatkan-daya-tahan-tubuh-ternak-pada-ayam-babi-sapi,,194,"<strong>VITAMIN C TERNAK 98% PURE 1KG</strong>

<strong>Grade :</strong> Pharma / Food Grade

<strong>Bentuk :</strong> Bubuk kristal keputihan yang larut dalam air dan memiliki sifat-sifat antioksidan.

<strong>Kadar :</strong> Vitamin C 97-98% (Konsentrasi Tinggi)

<strong>INDIKASI</strong>
<ul>
 	<li>Mengatasi stress</li>
 	<li>Meningkatkan daya tahan tubuh terhadap penyakit</li>
 	<li>Meningkatkan respon imun setelah vaksinasi</li>
 	<li>Memperbaiki kualitas kerabang telur, berat telur dan daya tetas telur pada unggas</li>
 	<li>Melengkapi kebutuhan vitamin C</li>
 	<li>Mencegah diare, kelemahan kaki pada anak babi.</li>
 	<li>Membantu meningkatkan penyerapan zat besi pada anak babi.</li>
</ul>
<strong>DOSIS DAN CARA PEMAKAIAN</strong>
<ul>
 	<li>Unggas : Larutkan 1 gram Vit C per 10-20 liter air minum atau 1 gram per 10kg pakan. Berikan Selama 3-5 hari berturut turut</li>
 	<li>Anak Sapi: Pencegahan. 1 gram per 100kg BB</li>
</ul>
Pengobatan 1 gram per 50kg BB
<ul>
 	<li>Anak Babi: 1 gram per 6 kg BB</li>
 	<li>Induk Babi: 1 gram per ekor per hari. Berikan sekali sehari selama 8-10 hari sebelum melahirkan</li>
 	<li>Ikan &amp; Udang: 1 gram per 8 kg pakan. Berikan Selama 3-5 hari berturut turut</li>
</ul>",,Published,,0,"2026-07-02 17:22:41",1,open,TTS00071,,,no,no,,110900,,1000,7,29,16,,,instock,no,no,,no,taxable,,,,,,'-1,'-1,,,"http://localhost:8000/wp-content/uploads/2026/07/Vitamin-C-Ternak-1-KG.png ! alt :  ! title : Vitamin-C-Ternak-1-KG.png ! desc :  ! caption : ",,http://localhost:8000/product/vitamin-c-ternak-98-1-kg-meningkatkan-daya-tahan-tubuh-ternak-pada-ayam-babi-sapi/,0,,,simple,,"Vitamin & Suplemen Ternak & Unggas",,,,,,,
"AMINOVIT 100 GRAM - Vitamin Untuk Meningkatkan Produksi Telur Pada Ayam Ternak.",aminovit-100-gram-vitamin-untuk-meningkatkan-produksi-telur-pada-ayam-ternak,,195,"<strong>AMINOVIT 100 GRAM</strong>

<strong>INDIKASI</strong>
<ul>
 	<li>Meningkatkan produksi telur dan memperpanjang masa bertelur pada ayam</li>
 	<li>Memperbesar telur, menguatkan dinding kerabang telur dan menambah kesuburan</li>
 	<li>Memperbaiki konversi ransum</li>
 	<li>Mencegah penyakit yang disebabkan oleh kekurangan vitamin dan mempertinggi daya tahan tubuh terhadap serangan penyakit</li>
 	<li>Mencegah lelah kandang pada ayam petelur</li>
</ul>
<strong>.ATURAN PAKAI</strong>

1 gram tiap 2 liter air minum",,Published,,0,"2026-07-02 17:22:42",1,open,TTS00072,,,no,no,,29550,,100,2,15,11,,,instock,no,no,,no,taxable,,,,,,'-1,'-1,,,"http://localhost:8000/wp-content/uploads/2026/07/Aminovit-100-Gram.png ! alt :  ! title : Aminovit-100-Gram.png ! desc :  ! caption : ",,http://localhost:8000/product/aminovit-100-gram-vitamin-untuk-meningkatkan-produksi-telur-pada-ayam-ternak/,0,,,simple,,"Vitamin & Suplemen Ternak & Unggas",,,,,,,
"AMINOVIT 100 GRAM 1 BOX (10 SACHET) - Vitamin Untuk Meningkatkan Produksi Telur Pada Ayam Unggas",aminovit-100-gram-1-box-10-sachet-vitamin-untuk-meningkatkan-produksi-telur-pada-ayam-unggas,,196,"<strong>AMINOVIT 100 GRAM 1 BOX (10 SACHET)</strong>

<strong>IINDIKASI</strong>
<ul>
 	<li>Meningkatkan produksi telur dan memperpanjang masa bertelur pada ayam</li>
 	<li>Memperbesar telur, menguatkan dinding kerabang telur dan menambah kesuburan</li>
 	<li>Memperbaiki konversi ransum</li>
 	<li>Mencegah penyakit yang disebabkan oleh kekurangan vitamin dan mempertinggi daya tahan tubuh terhadap serangan penyakit</li>
 	<li>Mencegah lelah kandang pada ayam petelur</li>
</ul>
<strong>ATURAN PAKAI</strong>

1 gram tiap 2 liter air minum

<strong>ISI</strong>

AMINOVIT 100 GRAM 1 BOX (10 SACHET)",,Published,,0,"2026-07-02 17:22:44",1,open,TTS00072X10,,,no,no,,287600,,1200,12,18,16,,,instock,no,no,,no,taxable,,,,,,'-1,'-1,,,"http://localhost:8000/wp-content/uploads/2026/07/Aminovit-1-Box.png ! alt :  ! title : Aminovit-1-Box.png ! desc :  ! caption : ",,http://localhost:8000/product/aminovit-100-gram-1-box-10-sachet-vitamin-untuk-meningkatkan-produksi-telur-pada-ayam-unggas/,0,,,simple,,"Vitamin & Suplemen Ternak & Unggas",,,,,,,
"OXIRHEIN LA 100 ML - AB Pernafasan dan Pencernaan Untuk Ternak",oxirhein-la-100-ml-ab-pernafasan-dan-pencernaan-untuk-ternak,,204,"<strong>Oxirhein la 100 ml</strong>

<strong>INDIKASI</strong>
<ul>
 	<li>Sapi, kambing, domba : Septicemia epizootica, Pneumonia, Anthrax, Mastitis Metritis, Enteritis , Foot root, Actinobacillosis, Actinomycosis dan infeksi bakteri pada saluran perkencingan.</li>
 	<li>Kuda : Strangles, Pneumonia, Anthrax, Enteritis dan infeksi bakteri pada saluran perkencingan.</li>
 	<li>Babi : Erysipelas, Enteritis, Swine Enzootic Pneumonia, Anthrax, Leptospirosis, Streptococcosis, Metritis, Septicemia epizootica.</li>
 	<li>Anjing, kucing : Pneumonia, Leptospirosis, Enteritis, Otitis.</li>
 	<li>Ayam : CRD kompleks, Infectious Coryza/Snot, Fowl Cholera, Colibacillosis,</li>
</ul>
Sinusitis, Sinovitis dan Enteritis.

<strong>DOSIS DAN CARA PEMAKAIAN</strong>

Injeksi intramuskular.

Umum : 1 ml per 10 kg berat badan.

Ayam : 0.2 ml per kg berat badan.

<strong>Kemasan :</strong>

100ml",,Published,,0,"2026-07-02 17:23:08",1,open,TTS00073,,,no,no,,94000,,250,7,13,7,,,instock,no,no,,no,taxable,,,,,,'-1,'-1,,,"http://localhost:8000/wp-content/uploads/2026/07/Oxirhein-La-100ml-_-Agrovet.png ! alt :  ! title : Oxirhein-La-100ml-_-Agrovet.png ! desc :  ! caption : ",,http://localhost:8000/product/oxirhein-la-100-ml-ab-pernafasan-dan-pencernaan-untuk-ternak/,0,,,simple,,"Antibiotik & Anti Inflamasi",,,,,,,
"MASAMIX SUPER 1 KG - Premix Untuk Meningkatkan Produksi Ayam Petelur",masamix-super-1-kg-premix-untuk-meningkatkan-produksi-ayam-petelur,,205,"<strong>MASAMIX Super 1 Kg</strong>

Masamix Super-Layer merupakan premix lengkap mengandung kombisi multivitamin, asam amino dan trace mineral super seimbang.

<strong>lNDlKASl :</strong>
<ul>
 	<li>+ Meningkatkan produksi telur dan mempeanjang masa produksi telur</li>
 	<li>+ Meningkatkan daya tahan tubuh dan meningkatkan reproduksi</li>
 	<li>+ Mencegah kekurangan vitamin, mineral dan asam amino</li>
 	<li>+ Memperbaiki mutu ransum dan konversi pakan</li>
</ul>
<strong>KANDUNGAN per 10 Kg :</strong>
<ul>
 	<li>Vitamin A 12.500.000 IU</li>
 	<li>Vitamin D3 2.500.000 IU</li>
 	<li>Vitamin E 10.000 mg</li>
 	<li>Vitamin K3 2.000 mg</li>
 	<li>Vitamin B1 2.000 mg</li>
 	<li>Vitamin B2 5.000 mg</li>
 	<li>Vitamin B6 500 mg</li>
 	<li>Vitamin B12 12.000 mg</li>
 	<li>Vitamin C 40.000 mg</li>
 	<li>Ca-d-pantothenate 6.000 mg</li>
 	<li>Niacin 40.000 mg</li>
 	<li>Choline 20.000 mg</li>
 	<li>DL-Methionine 100.000 mg</li>
 	<li>L-Lysine 100.000 mg</li>
 	<li>Manganese 120.000 mg</li>
 	<li>Ferros 20.000 mg</li>
 	<li>Iodida 200 mg</li>
 	<li>Cobalt 200 mg</li>
 	<li>Zinc 100.000 mg</li>
 	<li>Copper 4.000 mg</li>
 	<li>Antioxidant, carrier a.s.f 10 kg</li>
</ul>
<strong>ATURAN PAKAI dan DOSIS :</strong>

Layer : 2,5 - 5,0 kg/ton pakan

<strong>PERHATIAN :</strong>
<ul>
 	<li>+ Simpan obat ditempat sejuk dan terlindung dari sinar matahari.</li>
 	<li>+ Obat hanya untuk hewan</li>
</ul>
<strong>KEMASAN :</strong> Sachet 1 kg (1 karung isi 30 sachet @1kg)

<strong>Selamat Belanja!</strong>",,Published,,0,"2026-07-02 17:23:08",1,open,TTS00074,,,no,no,,31700,,1000,7,29,16,,,instock,no,no,,no,taxable,,,,,,'-1,'-1,,,"http://localhost:8000/wp-content/uploads/2026/07/Masamix-Super-1-Kg.png ! alt :  ! title : Masamix-Super-1-Kg.png ! desc :  ! caption : ",,http://localhost:8000/product/masamix-super-1-kg-premix-untuk-meningkatkan-produksi-ayam-petelur/,0,,,simple,,"Premix Ternak",,,,,,,
"ECER ZHANG PEI ZHEN 1 SACHET - 100% Ampuh Membasmi Lalat Dan Serangga Tabur.",ecer-zhang-pei-zhen-1-sachet-100-ampuh-membasmi-lalat-dan-serangga-tabur,,206,"<strong>ZHANG PEI ZHEN ORIGINAL</strong>

HARGA/SACHET

SANGAT AMPUH MEMBASMI LALAT ATAU SERANGGA SEPERTI SEMUT. TEKSTUR BUTIRAN SEPERTI GARAM WARNA MERAH MUDA

<strong>CARA PENGGUNAAN:</strong>
<ul>
 	<li>TABURKAN KE MEDIA ALAS SEPERTI KORAN / KARDUS / PIRING / WADAH TIDAK TERPAKAI</li>
 	<li>RATAKAN SEHINGGA JANGKAUAN LEBIH LEBAR</li>
 	<li>SEMPROTKAN SEDIKIT AIR AGAR BUTIRAN TIDAK MUDAH BERTEBARAN</li>
 	<li>TIDAK PERLU DICAMPUR DENGAN UMPAN LAIN</li>
</ul>
<strong>CARA KERJA:</strong>
<ul>
 	<li>ZHANG PEI ZHEN MENGANDUNG AROMA DAN BAHAN AKTIF YANG MENARIK LALAT UNTUK DATANG</li>
 	<li>SAAT LALAT DATANG DAN MEMAKAN INI DALAM HITUNGAN DETIK LALAT MATI DITEMPAT</li>
</ul>
GUNAKAN PELINDUNG TANGAN SAAT BERSENTUHAN LANGSUNG.

JAUHKAN DARI JANGKAUAN ANAK-ANAK

<strong>Kemasan :</strong>

1 sachet",,Published,,0,"2026-07-02 17:23:09",1,open,TTS00075,,,no,no,,1600,,20,3,9,11,,,instock,no,no,,no,taxable,,,,,,'-1,'-1,,,"http://localhost:8000/wp-content/uploads/2026/07/Zhang-Pei-Zhen-1-Sachet.png ! alt :  ! title : Zhang-Pei-Zhen-1-Sachet.png ! desc :  ! caption : ",,http://localhost:8000/product/ecer-zhang-pei-zhen-1-sachet-100-ampuh-membasmi-lalat-dan-serangga-tabur/,0,,,simple,,"Obat Lalat dan Kutu Ternak",,,,,,,
"ZHANG PEI ZHEN 1 BOX (25PCS) - 100% Ampuh Membasmi Lalat Dan Serangga Tabur",zhang-pei-zhen-1-box-25pcs-100-ampuh-membasmi-lalat-dan-serangga-tabur,,207,"<strong>ZHANG PEI ZHEN ORIGINAL</strong>

HARGA/25PCS/BOX

SANGAT AMPUH MEMBASMI LALAT ATAU SERANGGA SEPERTI SEMUT

TEKSTUR BUTIRAN SEPERTI GARAM WARNA MERAH MUDA

<strong>CARA PENGGUNAAN:</strong>
<ul>
 	<li>TABURKAN KE MEDIA ALAS SEPERTI KORAN / KARDUS / PIRING / WADAH TIDAK TERPAKAI</li>
 	<li>RATAKAN SEHINGGA JANGKAUAN LEBIH LEBAR</li>
 	<li>SEMPROTKAN SEDIKIT AIR AGAR BUTIRAN TIDAK MUDAH BERTEBARAN</li>
 	<li>TIDAK PERLU DICAMPUR DENGAN UMPAN LAIN</li>
</ul>
<strong>CARA KERJA:</strong>
<ul>
 	<li>ZHANG PEI ZHEN MENGANDUNG AROMA DAN BAHAN AKTIF YANG MENARIK LALAT UNTUK DATANG</li>
 	<li>SAAT LALAT DATANG DAN MEMAKAN INI DALAM HITUNGAN DETIK LALAT MATI DITEMPAT</li>
</ul>
GUNAKAN PELINDUNG TANGAN SAAT BERSENTUHAN LANGSUNG.

JAUHKAN DARI JANGKAUAN ANAK-ANAK

<strong>Kemasan :</strong>

1Box isi 25 Sachet",,Published,,0,"2026-07-02 17:23:09",1,open,TTS00075X25,,,no,no,,36000,,85,8,8,8,,,instock,no,no,,no,taxable,,,,,,'-1,'-1,,,"http://localhost:8000/wp-content/uploads/2026/07/Zhang-Pei-Zhen-1-Box.png ! alt :  ! title : Zhang-Pei-Zhen-1-Box.png ! desc :  ! caption : ",,http://localhost:8000/product/zhang-pei-zhen-1-box-25pcs-100-ampuh-membasmi-lalat-dan-serangga-tabur/,0,,,simple,,"Obat Lalat dan Kutu Ternak",,,,,,,
"VERM O KAPLET ( 1 STRIP ISI 10 KAPLET) - Ampuh Mencegah Cacing Untuk Kambing, Sapi, Kerbau Dan Kuda.",verm-o-kaplet-1-strip-isi-10-kaplet-ampuh-mencegah-cacing-untuk-kambing-sapi-kerbau-dan-kuda,,208,"<strong>VERM O KAPLET</strong>

<strong>DOSIS DAN CARA PEMAKAIAN</strong>

Domba, kambing, babi: 1 caplet dari VERM-O / 45 kg berat kebetulan cacing, dapat memberikan dosis ganda.

<strong>KEMASAN</strong>

1 strip 10 kaplet",,Published,,0,"2026-07-02 17:23:10",1,open,TTS00082,,,no,no,,31900,,100,5,15,5,,,instock,no,no,,no,taxable,,,,,,'-1,'-1,,,"http://localhost:8000/wp-content/uploads/2026/07/Verm-O-Kaplet-1-Strip-Isi-10-Kaplet-.png ! alt :  ! title : Verm-O-Kaplet-1-Strip-Isi-10-Kaplet-.png ! desc :  ! caption : ",,http://localhost:8000/product/verm-o-kaplet-1-strip-isi-10-kaplet-ampuh-mencegah-cacing-untuk-kambing-sapi-kerbau-dan-kuda/,0,,,simple,,"Obat Ternak",,,,,,,
"VERM O KAPLET 1 BOX (10 STRIP) - Ampuh Mencegah Cacing Untuk Kambing, Sapi, Kerbau Dan Kuda.",verm-o-kaplet-1-box-10-strip-ampuh-mencegah-cacing-untuk-kambing-sapi-kerbau-dan-kuda,,209,"<strong>VERM O KAPLET</strong>

<strong>DOSIS DAN CARA PEMAKAIAN</strong>

Domba, kambing, babi: 1 caplet dari VERM-O / 45 kg berat kebetulan cacing, dapat memberikan dosis ganda.

<strong>KEMASAN</strong>

1 BOX (10 STRIP)",,Published,,0,"2026-07-02 17:23:10",1,open,TTS00082X10,,,no,no,,317000,,90,6,22,7,,,instock,no,no,,no,taxable,,,,,,'-1,'-1,,,"http://localhost:8000/wp-content/uploads/2026/07/Verm-O-Kaplet-1-Box-Isi-10-Strip-.png ! alt :  ! title : Verm-O-Kaplet-1-Box-Isi-10-Strip-.png ! desc :  ! caption : ",,http://localhost:8000/product/verm-o-kaplet-1-box-10-strip-ampuh-mencegah-cacing-untuk-kambing-sapi-kerbau-dan-kuda/,0,,,simple,,"Obat Ternak",,,,,,,
"ECER WINNER SUPER TOP 10 KAPSUL BY MEDION - Supertop Menambah Daya Tubuh, Strong, Memperpanjang Nafas Dan Tahan Sakit.",ecer-winner-super-top-10-kapsul-by-medion-supertop-menambah-daya-tubuh-strong-memperpanjang-nafas-dan-tahan-sakit,,210,"<strong>SUPERTOP</strong> - Memperpanjang napas &amp; menjadikan ayam adu kuat, agresif serta bertenaga ekstra

SUPERTOP NEW merupakan produk istimewa yang diformulasikan menjadi bentuk Kapsul untuk ayam adu. Dibuat dari bahan-bahan yang sangat dibutuhkan untuk menghasilkan kondisi tubuh yang prima saat diadu. Kombinasi seimbang antara multivitamin dan mineral akan menghasilkan tenaga tambahan bagi ayam adu, baik sebelum maupun setelah diadu.

<strong>KOMPOSISI</strong>

Setiap kapsul mengandung:
<ul>
 	<li>Vitamin A...............................100 IU</li>
 	<li>Vitamin D3...............................10 IU</li>
 	<li>Vitamin E..............................0,25 IU</li>
 	<li>Vitamin K3...............................1 mg</li>
 	<li>Vitamin B1..........................0,04 mg</li>
 	<li>Vitamin B2..........................0,07 mg</li>
 	<li>Vitamín B6..........................0,02 mg</li>
 	<li>Vitamin B12........................0,05 mg</li>
 	<li>Vitamin C............................0,35 mg</li>
 	<li>Calcium-D-pantothenate....0,25 mg</li>
 	<li>Nicotinamide........................0,5 mg</li>
 	<li>Mineral berupa Ca, Na, K, Zn, Fe, Cu dan Mg secukupnya</li>
</ul>
<strong>INDIKASI</strong>
<ul>
 	<li>Membuat ayam adu menjadi kuat, agresil dan bertenaga ekstra</li>
 	<li>Menjadikan ayam tahan sakit pada waktu diadu</li>
 	<li>Memperpanjang napas pada waktu diadu</li>
 	<li>Memulihkan kesehatan setelah ayam sakit atau diadu</li>
 	<li>Menambah daya tahan tubuh terhadap penyakit</li>
 	<li>Meningkatkan kerja ayam pemacek</li>
</ul>
<strong>ATURAN PAKAI</strong>
<ul>
 	<li>Untuk menambah tenaga pada ayam adu: 2 kapsul diberikan 0,5 - 1 jam sebelum ayam diadu</li>
 	<li>Untuk menjaga kesehatan ayam, mempertinggi daya tahan terhadap penyakit, stres, meningkatkan daya kerja ayam pemacek:</li>
 	<li>Ayam umur sampai 1 bulan :3 hari sekali 2 kapsul</li>
 	<li>Ayam umur 1-2 bulan :3 hari sekali 1 kapsul</li>
 	<li>Ayam umur lebih dari 2bulan :2 hari sekali 1 kapsul</li>
</ul>
<strong>Selamat Belanja!</strong>",,Published,,0,"2026-07-02 17:23:11",1,open,TTS00083,,,no,no,,12600,,20,6,7,9,,,outofstock,no,no,,no,taxable,,,,,,'-1,'-1,,,"http://localhost:8000/wp-content/uploads/2026/07/Super-Top-10-Kapsul-Medion.png ! alt :  ! title : Super-Top-10-Kapsul-Medion.png ! desc :  ! caption : ",,http://localhost:8000/product/ecer-winner-super-top-10-kapsul-by-medion-supertop-menambah-daya-tubuh-strong-memperpanjang-nafas-dan-tahan-sakit/,0,,,simple,outofstock,"Vitamin & Suplemen Ternak & Unggas",,,,,,,
"SUPER TOP 1 BOX 12 BOTOL 10 KAPSUL MEDION - Penambah Tenaga Ayam Jago Super Strong",super-top-1-box-12-botol-10-kapsul-medion-penambah-tenaga-ayam-jago-super-strong,,223,"<strong>SUPERTOP</strong> - Memperpanjang napas &amp; menjadikan ayam adu kuat, agresif serta bertenaga ekstra

SUPERTOP NEW merupakan produk istimewa yang diformulasikan menjadi bentuk Kapsul untuk ayam adu. Dibuat dari bahan-bahan yang sangat dibutuhkan untuk menghasilkan kondisi tubuh yang prima saat diadu. Kombinasi seimbang antara multivitamin dan mineral akan menghasilkan tenaga tambahan bagi ayam adu, baik sebelum maupun setelah diadu.

<strong>INDIKASI</strong>
<ul>
 	<li>Membuat ayam adu menjadi kuat, agresil dan bertenaga ekstra</li>
 	<li>Menjadikan ayam tahan sakit pada waktu diadu</li>
 	<li>Memperpanjang napas pada waktu diadu</li>
 	<li>Memulihkan kesehatan setelah ayam sakit atau diadu</li>
 	<li>Menambah daya tahan tubuh terhadap penyakit</li>
 	<li>Meningkatkan kerja ayam pemacek</li>
</ul>
<strong>ATURAN PAKAI</strong>
<ul>
 	<li>Untuk menambah tenaga pada ayam adu: 2 kapsul diberikan 0,5 - 1 jam sebelum ayam diadu</li>
 	<li>Untuk menjaga kesehatan ayam, mempertinggi daya tahan terhadap penyakit, stres, meningkatkan daya kerja ayam pemacek:</li>
 	<li>Ayam umur sampai 1 bulan :3 hari sekali 2 kapsul</li>
 	<li>Ayam umur 1-2 bulan :3 hari sekali 1 kapsul</li>
 	<li>Ayam umur lebih dari 2bulan :2 hari sekali 1 kapsul</li>
</ul>",,Published,,0,"2026-07-02 17:23:45",1,open,TTS00083X12,,,no,no,,132250,,100,10,15,6,,,outofstock,no,no,,no,taxable,,,,,,'-1,'-1,,,"http://localhost:8000/wp-content/uploads/2026/07/Super-Top-1-Box-Medion.png ! alt :  ! title : Super-Top-1-Box-Medion.png ! desc :  ! caption : ",,http://localhost:8000/product/super-top-1-box-12-botol-10-kapsul-medion-penambah-tenaga-ayam-jago-super-strong/,0,,,simple,outofstock,"Vitamin & Suplemen Ternak & Unggas",,,,,,,
"ZYMBOOST 200 GRAM - Untuk Pertumbuhan Dan Selera Makan Ayam Broiler.",zymboost-200-gram-untuk-pertumbuhan-dan-selera-makan-ayam-broiler,,224,"<strong>Zymbost</strong> dengan prebiotik dan probiotik

Kombinasi Gucose oxudase , Xilanase , Mannanase , Cellulase , Protease , Lipase , Phytase . serta asam amino essensial

<strong>Manfaat :</strong>
<ul>
 	<li>Proses penyerapan nutrisi lebih maksimal</li>
 	<li>Feses lebih kering</li>
 	<li>Pertumbuhan ayam lebih cepat</li>
 	<li>Menekan angka FCR</li>
 	<li>Menambah nafsu makan ayam</li>
</ul>
<strong>Dosis aplikasi:</strong>

1gr : 1liter air minum

<strong>Kemasan :</strong> Pouch 200gr",,Published,,0,"2026-07-02 17:23:45",1,open,TTS00084,,,no,no,,44550,,220,7,12,8,,,instock,no,no,,no,taxable,,,,,,'-1,'-1,,,"http://localhost:8000/wp-content/uploads/2026/07/Zymboost-200g.png ! alt :  ! title : Zymboost-200g.png ! desc :  ! caption : ",,http://localhost:8000/product/zymboost-200-gram-untuk-pertumbuhan-dan-selera-makan-ayam-broiler/,0,,,simple,,"Premix Unggas",,,,,,,
"BIOGIL 100 GRAM - Untuk Penghilang Bau Amonia dan Pengurai Sekam Untuk Kandang",biogil-100-gram-untuk-penghilang-bau-amonia-dan-pengurai-sekam-untuk-kandang,,225,"<strong>OBAT SEMPROT PENGHILANG BAU AMONIA KANDANG AYAM DAN PENGURAI SEKAM AGAR TETAP KERING</strong>

SANGAT AMAN JIKA TERKENA PAKAN MINUM DAN AYAM

<strong>MANFAAT :</strong>
<ul>
 	<li>Mampu menyerap dengan maksimal penguapan AMONIA untuk menjaga kesehatan ayam dan polusi lingkungan.</li>
 	<li>Alas litter sekam tetap kering, tidak lembab, dan kondisi tetap baik sampai panen pada umur 35-40 hari.</li>
 	<li>Sekam tidak menggumpal jadi tidak perlu di bolak balik dan bahkan tidak perlu dilakukan penambahan lapisan baru.</li>
 	<li>Penghematan biaya sekam, tenaga kerja, dan waktu kerja dalam hal perlakuan litter dan meningkatkan daya tahan tubuh ayam.</li>
 	<li>Sangat cocok untuk kandang Closed House (CH).</li>
</ul>
<strong>DOSIS, CARA PAKAI, DAN JADWAL PENYEMPROTAN :</strong>
<ul>
 	<li>1 sachet BIOGIL campur 14liter air semprotkan merata kearah sekam dengan perlahan</li>
 	<li>Waktu penyemprotan SORE hari (jam 17.00)</li>
 	<li>Jadwal penyemprotan 2HARI sekali selama pemeliharaan</li>
 	<li>Sangat disarankan juga untuk menyemprot sekam yang baru ditabur sebelum chick in.</li>
</ul>
<strong>JAM OPERASIONAL</strong>
<ul>
 	<li>Senin - Ahad pkl. 09.00 - 15.00 WIB</li>
 	<li>Invoice yg masuk pada JAM OPERASIONAL akan kami usahakan diproses hari yang sama, kecuali terjadi overload atau kendala teknis ya juragan.</li>
 	<li>PACKING FREE BUBLEWRAP + KARDUS ( jika diperlukan)</li>
 	<li>Kami usahakan produk sampai ditangan konsumen dengan cepat dan aman</li>
</ul>
<strong>SEMOGA PRODUK"" KAMI BERMANFAAT AAMIIN</strong>",,Published,,0,"2026-07-02 17:23:46",1,open,TTS00085,,,no,no,,20600,,120,4,15,15,,,instock,no,no,,no,taxable,,,,,,'-1,'-1,,,"http://localhost:8000/wp-content/uploads/2026/07/Biogil-100-gram.png ! alt :  ! title : Biogil-100-gram.png ! desc :  ! caption : ",,http://localhost:8000/product/biogil-100-gram-untuk-penghilang-bau-amonia-dan-pengurai-sekam-untuk-kandang/,0,,,simple,,"Desinfektan & Antiseptik",,,,,,,
"VITAKUR 100 GRAM KEMASAN TERBARU - Multivitamin Herbal Meningkatkan Selera Makan, Memperbaiki Pencernaan Untuk Hewan Ternak Dan Unggas.",vitakur-100-gram-kemasan-terbaru-multivitamin-herbal-meningkatkan-selera-makan-memperbaiki-pencernaan-untuk-hewan-ternak-dan-unggas,,226,"<strong>VITAKUR 100 GRAM KEMASAN BARU</strong>

Komposisi Ideal Vitamin dan Asam Amino Dengan Sari Kunyit dan Temulawak

<strong>Setiap kg VITAKUR mengandung:</strong>
<ul>
 	<li>Ekstrak Curcuma domestica (kunyit)....................20.000 mg</li>
 	<li>Ekstrak Curcuma xanthorrhiza (temulawak)...........5.000 mg</li>
 	<li>Vitamin A............................................................ 5.000.000 IU</li>
 	<li>Vitamin D3 ..........................................................1.000.000 IU</li>
 	<li>Vitamin E.....................................................................2.000 IU</li>
 	<li>Vitamin K3.................................................................1.000 mg</li>
 	<li>Vitamin B12 ............................................................2.000 mcg</li>
 	<li>Vitamin C ................................................................10.000 mg</li>
 	<li>Methionine...............................................................30.000 mg</li>
 	<li>Lysine.......................................................................20.000 mg</li>
 	<li>Lactosa ad....................................................................1.000 g</li>
</ul>
<strong>Indikasi :</strong>
<ul>
 	<li>Meningkatkan nafsu makan</li>
 	<li>Memperbaiki pencernaan</li>
 	<li>Memperbaiki/memulihkan kesegaran tubuh</li>
 	<li>Mencegah defisiensi vitamin</li>
</ul>
<strong>Dosis dan cara pakai :</strong>
<ul>
 	<li>Larutkan dalam air minum</li>
 	<li>1 gram vitakur dalam 2 liter air minum</li>
 	<li>Berikan selama 3-5 hari</li>
</ul>
<strong>NOTE :</strong>

Simpan ditempat sejuk, kering dan tertutup rapat.

<strong>OBAT HANYA UNTUK HEWAN</strong>

Kemasan 100 gram

<strong>Selamat Belanja!</strong>",,Published,,0,"2026-07-02 17:23:46",1,open,TTS00086,,,no,no,,21500,,100,7,18,6,,,outofstock,no,no,,no,taxable,,,,,,'-1,'-1,,,"http://localhost:8000/wp-content/uploads/2026/07/Vitakur-100-Gram.png ! alt :  ! title : Vitakur-100-Gram.png ! desc :  ! caption : ",,http://localhost:8000/product/vitakur-100-gram-kemasan-terbaru-multivitamin-herbal-meningkatkan-selera-makan-memperbaiki-pencernaan-untuk-hewan-ternak-dan-unggas/,0,,,simple,outofstock,"Vitamin & Suplemen Ternak & Unggas",,,,,,,
"10 PCS VITAKUR 100 GRAM BY AGRINUSA LEBIH MURAH - Untuk Meningkatkan Selera Makan Pada Hewan Ternak Dan Unggas.",10-pcs-vitakur-100-gram-by-agrinusa-lebih-murah-untuk-meningkatkan-selera-makan-pada-hewan-ternak-dan-unggas,,227,"<strong>10 PCS VITAKUR 100 GRAM BY AGRINUSA LEBIH MURAH</strong>

<strong>Indikasi :</strong>
<ul>
 	<li>Meningkatkan nafsu makan</li>
 	<li>Memperbaiki pencernaan</li>
 	<li>Memperbaiki/memulihkan kesegaran tubuh</li>
 	<li>Mencegah defisiensi vitamin</li>
</ul>
<strong>Dosis dan cara pakai :</strong>
<ul>
 	<li>Larutkan dalam air minum</li>
 	<li>1 gram vitakur dalam 2 liter air minum</li>
 	<li>Berikan selama 3-5 hari</li>
</ul>
<strong>Isi</strong>

10 PCS",,Published,,0,"2026-07-02 17:23:46",1,open,TTS00086X10,,,no,no,,199900,,120,5,14,4,,,outofstock,no,no,,no,taxable,,,,,,'-1,'-1,,,"http://localhost:8000/wp-content/uploads/2026/07/Vitakur-10-Pcs.png ! alt :  ! title : Vitakur-10-Pcs.png ! desc :  ! caption : ",,http://localhost:8000/product/10-pcs-vitakur-100-gram-by-agrinusa-lebih-murah-untuk-meningkatkan-selera-makan-pada-hewan-ternak-dan-unggas/,0,,,simple,outofstock,"Vitamin & Suplemen Ternak & Unggas",,,,,,,
"OBAT TETES MATA MEYER 5 ML - Mengobati Semua Sakit Mata Pada Semua Hewan Peliharaan Dan Unggas.",obat-tetes-mata-meyer-5-ml-mengobati-semua-sakit-mata-pada-semua-hewan-peliharaan-dan-unggas,,228,"<strong>MEYER TETES MATA HEWAN</strong>

<strong>Kategori produk :</strong> Obat

<strong>Kegunaan :</strong>
<ul>
 	<li>Mengobati sakit mata pada hewan</li>
 	<li>Mengobati mata merah</li>
 	<li>Menjernihkan mata keruh atau mata berlebihan cairan kental</li>
 	<li>Mengobati infeksi pada mata hewan</li>
</ul>
<strong>Cara pakai :</strong> 1 atau 2 tetes sehari 2 sampai 3x

<strong>Komposisi :</strong> Tylosin, Nacl fisiologis,

<strong>Cocok untuk hewan :</strong>
<ul>
 	<li>Anjing</li>
 	<li>Kucing</li>
 	<li>Kelinci</li>
 	<li>Burung</li>
 	<li>Hamster, dll</li>
</ul>
Isi 5 ml

<strong>Selamat Belanja!</strong>",,Published,,0,"2026-07-02 17:23:46",1,open,TTS00087,,,no,no,,7000,,45,6,6,10,,,instock,no,no,,no,taxable,,,,,,'-1,'-1,,,"http://localhost:8000/wp-content/uploads/2026/07/Obat-Tetes-Mata-Meyer-5-ml.png ! alt :  ! title : Obat-Tetes-Mata-Meyer-5-ml.png ! desc :  ! caption : ",,http://localhost:8000/product/obat-tetes-mata-meyer-5-ml-mengobati-semua-sakit-mata-pada-semua-hewan-peliharaan-dan-unggas/,0,,,simple,,"Obat Anabul|Obat Ternak",,,,,,,
"PERMETHYL 5% - Perticone-50 Kemasan 25ml - Atasi Kembung Untuk Hewan Ternak Dan Unggas.",permethyl-5-perticone-50-kemasan-25ml-atasi-kembung-untuk-hewan-ternak-dan-unggas,,229,"<strong>PERTICONE 50 (Pengganti PERMETHYL 5%)</strong>

Perticone 50 merupakan produk obat anti bloat atau obat kembung untuk RUMINANSIA (baik indukan atau anakan Sapi, Kambing, Kuda, Kerbau, kelinci dll).

<strong>KOMPOSISI</strong> Tiap ml mengandung PERMETHYL 5% Permethylpolysiloxane (dimethicone) 50 mg, yang bekerja penuh pada saluran pencernaan dengan cara menurunkan tegangan permukaan dan busa di dalam rumen/lambung sehingga gas dan busa di dalam lambung dapat dikeluarkan dengan baik.

<strong>DOSIS PEMAKAIAN</strong>

1. Kambing/Domba: Larutkan 5 ml Perticone dalam 200 ml air

2. Anak Kambing/Domba : Larutkan 2 ml Perticone dalam 200 ml air

3. Sapi, Kerbau: 25 ml dilarutkan dalam 500 ml air minum

4. Anak Sapi, Anak Kerbau: 10 ml dilarutkan dalam 200 ml air minum

5. Kelinci : diminumkan 0,2-0,5 ml",,Published,,0,"2026-07-02 17:23:46",1,open,TTS00088,,,no,no,,24000,,45,4,10,6,,,instock,no,no,,no,taxable,,,,,,'-1,'-1,,,"http://localhost:8000/wp-content/uploads/2026/07/Perticone-50-Kemasan-25ml.png ! alt :  ! title : Perticone-50-Kemasan-25ml.png ! desc :  ! caption : ",,http://localhost:8000/product/permethyl-5-perticone-50-kemasan-25ml-atasi-kembung-untuk-hewan-ternak-dan-unggas/,0,,,simple,,"Obat Ternak|Obat Unggas",,,,,,,
"CITRIC ACID 1 KG - ASAM SITRAT - ASAM CITRUN - Untuk Makanan, Campuran Mencuci Baju, Membersihkan Toilet Dan Perkakas Rumah Tangga, PMK Sapi, Repack 1 Kg.",citric-acid-1-kg-asam-sitrat-asam-citrun-untuk-makanan-campuran-mencuci-baju-membersihkan-toilet-dan-perkakas-rumah-tangga-pmk-sapi-repack-1-kg,,230,"<strong>ASAM SITRAT - CITRIC ACID REPACK</strong>

Deskripsi Citric Acid monohydrate / citrun / asam sitrun

Citric Acid/ Asam Citrun / Sitrun Zuur /

Asam citrun / Citrun Zuur merupakan bahan kimia yang biasa digunakan untuk memberi rasa asam / mengatur keasaman suatu makanan atau minuman. Bahan ini disebut dengan Citric Acid, merupakan bahan additif makanan untuk memberikan rasa asam. Kegunaan asam citrun biasanya untuk pembuatan manisan (seperti manisan kedondong, salak),

Namun dewasa ini Asam Citrun lebih sering digunakan untuk campuran mencuci baju, membersihkan toilet dan perkakas rumah tangga lainnya. (Hampir bisa membersihkan apa saja). Buktikan sendiri keampuhan produk ini

<strong>Bentuk :</strong> Crystal kasar

<strong>Import :</strong> RRC

Halal, Expired Panjang

Penggunaan untuk mengatur tingkat keasaman pada produk pangan

ASAM SITRAT FOOD GRADE (Bisa Dikonsumsi manusia)

Fungsi Asam Sitrat Dalam Peternakan

Asam Sitrat berguna untuk campuran pakan yg berfungsi sebagai Acidifier adalah bahan alami atau sintesis yang berfungsi meningkatkan kecernaan pakan dan menjaga keseimbangan mikroba di dalam saluran pencernaan melalui pengaturan pH pada saluran pencernaan. Saluran pencernaan yang memiliki pH rendah akan menurunkan populasi bakteri patogen, sementara bakteri menguntungkan (bakteri asam laktat) dapat meningkat pertumbuhan dan perkembangannya, sehingga dapat meningkatkan kecernaan serta mengoptimalkan penyerapan nutrien dalam pakan Penyerapan nutrien yang optimal akan mensintesis jaringan lebih banyak, yang akan mengakibatkan pertambahan bobot badan pada ternak. Peningkatan bobot badan akan mempengaruhi bobot potong dan bobot karkas.

Pada kasus SAPI PMK, larutan asam sitrat 20 gr dicampur dg air 1 liter yg disemprotkan ke mulut dan hidung serta lidah sapi berguna untuk mematikan virus dan bakteri penyebab sapi PMK.

di antara tanda sapi PMK adalah mukutnya berbusa, lidah dan area dalam mulutnya terdapat semacam bentol-bentol sariawan yg membuat sapi susah untuk makan, solusinya harus di suapi hingga masa pemulihan bisa makan dg normal.",,Published,,0,"2026-07-02 17:23:46",1,open,TTS00089,,,no,no,,29000,,1000,9,14,17,,,instock,no,no,,no,taxable,,,,,,'-1,'-1,,,"http://localhost:8000/wp-content/uploads/2026/07/Citric-Acid-_-Asam-Sitrat-Repack-1kg.png ! alt :  ! title : Citric-Acid-_-Asam-Sitrat-Repack-1kg.png ! desc :  ! caption : ",,http://localhost:8000/product/citric-acid-1-kg-asam-sitrat-asam-citrun-untuk-makanan-campuran-mencuci-baju-membersihkan-toilet-dan-perkakas-rumah-tangga-pmk-sapi-repack-1-kg/,0,,,simple,,"Premix Ternak",,,,,,,
"INJEKVIT B-PLEX 500 ML - Tingkatkan Produktifitas dan Imun Hewan Ternak Sapi Kambing Domba Anjing Kucing Kuda Kerbau",injekvit-b-plex-500-ml-tingkatkan-produktifitas-dan-imun-hewan-ternak-sapi-kambing-domba-anjing-kucing-kuda-kerbau,,231,"<strong>INJEKVIT B-PLEX 500 ML</strong>

<strong>INDIKASI</strong>
<ul>
 	<li>Mencegah kekurangan vitamin B pada unggas, sapi, kuda atau babi.</li>
 	<li>Mampu menekan kasus kematian secara mendadak atau disebut SDS (sudden death syndrome)</li>
 	<li>Menambah daya tahan tubuh dan mempercepat proses kesembuhan</li>
 	<li>Membantu kerja organ limfoid dalam menghasilkan antibodi/kekebalan.</li>
 	<li>Memperbaiki proses metabolisme tubuh ternak dan membantu meningkatkan nafsu makan, sehingga mempercepat proses penyembuhan penyakit.</li>
</ul>
<strong>DOSIS</strong>
<ul>
 	<li>Unggas : 0.5-1 ml per ekor</li>
 	<li>Babi : 0.5 ml tiap 10 kg BB</li>
 	<li>Sapi Kuda : 3-5 ml (anakan), 5-10 ml (dewasa)</li>
 	<li>Anjing Kucing : 0.25-0.5 ml tiap ekor</li>
</ul>
<strong>ISI</strong>

500 ML",,Published,,0,"2026-07-02 17:23:46",1,open,TTS00090,,,no,no,,80000,,550,9,24,14,,,instock,no,no,,no,taxable,,,,,,'-1,'-1,,,"http://localhost:8000/wp-content/uploads/2026/07/Injekvit-B-Plex-500-ML.png ! alt :  ! title : Injekvit-B-Plex-500-ML.png ! desc :  ! caption : ",,http://localhost:8000/product/injekvit-b-plex-500-ml-tingkatkan-produktifitas-dan-imun-hewan-ternak-sapi-kambing-domba-anjing-kucing-kuda-kerbau/,0,,,simple,,"Vitamin Injeksi",,,,,,,
"FLUCONIX 100 ML - Obat Cacing Hati Efektif Untuk Sapi, Kambing, Domba Dan Hewan Ternak Lainnya.",fluconix-100-ml-obat-cacing-hati-efektif-untuk-sapi-kambing-domba-dan-hewan-ternak-lainnya,,232,"<strong>FLUCONIX-340</strong>

Injeksi Obat Cacing Hati Paling Efektif

<strong>Sifat-Sifat:</strong>
<ul>
 	<li>Nitroksinil sangat efektif untuk pengobatan infestasi cacing hati atau distomatosis atau fascioliasis (cacing Fasciola hepatica dan F. gigantica stadium larva dan dewasa).</li>
 	<li>Nitroksinil juga aktif terhadap berbagai macam cacing pencernaan, Oestrus spp. pada sapi, kerbau, kambing, domba dan anjing.</li>
 	<li>Nitroksinil menghambat proses proses fosforilasi oksidatif pada mitokondria cacing yang menyebabkan kematian cacing.</li>
 	<li>Tanpa efek samping dan sangat aman untuk hewan bunting.</li>
</ul>
<strong>Indikasi</strong>

Pencegahan dan pengobatan infestasi cacing hati dan cacing pada saluran pencernaan sebagai berikut:

<strong>Sapi, Kambing, Domba</strong>

Fasciola hepatica dewasa dan larva umur lebih dari enam minggu, Fasciola gigantica, Haemonchus contortus, Haemonchus placei, Bunostomum phlebotomum, Oesophagostomum radiatum, Parafilaria spp dan Oestrus ovis.

<strong>Anjing</strong>

Ancylostoma caninum &amp; Uncinaria stenocephala.

<strong>Dosis dan Cara Pemakaian:</strong>

Pemberian secara sub kutan
<ul>
 	<li>Kambing, domba: 0,5 ml per 20 kg berat badan.</li>
 	<li>Sapi: 1,5 ml per 50 kg berat badan.</li>
</ul>
<strong>Setiap ml Fluconix-340 mengandung:</strong>

Nitroksinil 340 mg.

NO. REGISTRASI

KEMENTAN RI No. I. 15034967 PKC

<strong>Kemasan</strong>

Vial 100 ml",,Published,,0,"2026-07-02 17:23:46",1,open,TTS00098,,,no,no,,456200,,250,7,13,7,,,instock,no,no,,no,taxable,,,,,,'-1,'-1,,,"http://localhost:8000/wp-content/uploads/2026/07/Fluconix-100-ml.png ! alt :  ! title : Fluconix-100-ml.png ! desc :  ! caption : ",,http://localhost:8000/product/fluconix-100-ml-obat-cacing-hati-efektif-untuk-sapi-kambing-domba-dan-hewan-ternak-lainnya/,0,,,simple,,"Obat Ternak",,,,,,,
"PANTEX AMOXY LA 150 - 100 ML - Atasi Infeksi Pernapasan, Pencernaan Hewan",pantex-amoxy-la-150-100-ml-atasi-infeksi-pernapasan-pencernaan-hewan,,233,"<strong>PANTEX AMOXY LA</strong>

PER 1 ML MENGANDUNG

am.oksis.iklin 150 mg

<strong>Dosis dan cara pakai:</strong>
<ul>
 	<li>Ayam : 1ml per 10 kg bb</li>
 	<li>Kambing Domba 1ml per 10-12 kg bb</li>
 	<li>Sapi 1ml/12-14 kg bb</li>
</ul>
Jika diperlukan suntik ulang setelah 48 jam suntikan pertama",,Published,,0,"2026-07-02 17:23:47",1,open,TTS00101,,,no,no,,116000,,250,6,12,6,,,outofstock,no,no,,no,taxable,,,,,,'-1,'-1,,,"http://localhost:8000/wp-content/uploads/2026/07/Pantex-Amoxy-LA-150-100-ml.png ! alt :  ! title : Pantex-Amoxy-LA-150-100-ml.png ! desc :  ! caption : ",,http://localhost:8000/product/pantex-amoxy-la-150-100-ml-atasi-infeksi-pernapasan-pencernaan-hewan/,0,,,simple,outofstock,"Obat Ternak",,,,,,,
"ANTI RAYAP TOP STAR AEROSOL 500 ML - Ampuh Membunuh Rayap Dan Melindungi Kayu.",anti-rayap-top-star-aerosol-500-ml-ampuh-membunuh-rayap-dan-melindungi-kayu,,234,"<strong>ANTI RAYAP TOP STAR AEROSOL 500 ML</strong>

Dapat melindungi kayu rumah anda terhadap serangan rayap sehingga bahan-bahan kayu dapat bertahan lama.

<strong>CARA PENGGUNAAN :</strong>

1. Kocok kaleng sebelum digunakan

2. Semprot kayu secara merata hingga merasap kedalam pori-pori kayu

3. Untuk hasil lebih baik ulangi penyemprotan sekali lagi

Rumah anda adalah target serangan rayap. Di sekeliling bangunan rumah anda terdapat celah yang kemungkinan rayap dapat menyerang. Dari kiri, kanan depan belakang dan bawah (dalam tanah). Meskipun rumah anda didirikan diatas selab beton, rayap masih tetap dapat menembusnya sehingga menjadi sasaran yang sangat mudah untuk digerogoti .",,Published,,0,"2026-07-02 17:23:47",1,open,TTS00102,,,no,no,,39000,,350,8,23,9,,,instock,no,no,,no,taxable,,,,,,'-1,'-1,,,"http://localhost:8000/wp-content/uploads/2026/07/Anti-Rayap-Top-Star-Aerosol-500-ml.png ! alt :  ! title : Anti-Rayap-Top-Star-Aerosol-500-ml.png ! desc :  ! caption : ",,http://localhost:8000/product/anti-rayap-top-star-aerosol-500-ml-ampuh-membunuh-rayap-dan-melindungi-kayu/,0,,,simple,,"Obat Lalat dan Kutu Ternak",,,,,,,
"TETES KUTU KUCING PUTIH 1 ML - Ampuh Untuk Kucing dan Anjing.",tetes-kutu-kucing-putih-1-ml-ampuh-untuk-kucing-dan-anjing,,235,"<strong>KUTU TETESS 1 ML</strong> - Untuk Kucing dan Anjing

<strong>KHASIAT:</strong>

Peran cepat, dalam 3-12 jam dapat membunuh 98-100% dari kutu, efektivitas tiga kali lebih cepat dari produk lain, efeknya dapat dipertahankan dalam lebih dari 1 bulan, penggunaan jangka panjang dapat benar-benar membersihkan tubuh hewan peliharaan dan Lingkungan dari kutu dan kutu, kinerja keamanan yang baik.

<strong>DAPAT DI PAKAI OLEH:</strong>
<ul>
 	<li>Anjing/Kucing dewasa</li>
 	<li>Anjing/Kucing hamil</li>
 	<li>Anjing/Kucing menyusui</li>
 	<li>Anjing lebih dari 2 minggu /Anak kucing lebih dari 8 minggu</li>
</ul>
<strong>INSTRUKSI CARA PEMAKIAN</strong>

1. Lepaskan tutup botol tetes terlebih dahulu, lalu buka rambut di belakang leher hewan peliharaan sampai kulit terlihat, lalu gunakan tetes sesuai dengan berat hewan peliharaan.

<strong>Untuk HEWAN PELIHARAAN:</strong>
<ul>
 	<li>Berat 10 kg: 1 botol</li>
 	<li>Berat 5 kg: 1/2 botol</li>
 	<li>Berat 2,5 kg: 1/3 botol</li>
 	<li>Kitty: 1/5 botol</li>
</ul>
2, Disarankan untuk meneteskan sekali lagi setiap 1 minggu setelah tetes pertama untuk benar-benar membunuh kutu yang baru lahir.

3, gunakan setiap 1 bulan untuk memastikan kesehatan dan kebersihan hewan peliharaan Anda.

<strong>TINDAKAN AWAL :</strong>

1) Jangan mencuci hewan peliharaan dalam waktu 6 jam setelah aplikasi untuk melindungi khasiat.

2) Produk ini janhan dimainkan oleh anak-anak.",,Published,,0,"2026-07-02 17:23:47",1,open,TTS00103,,,no,no,,6500,,20,3,7,2,,,instock,no,no,,no,taxable,,,,,,'-1,'-1,,,"http://localhost:8000/wp-content/uploads/2026/07/Obat-Tetes-Kutu-1ml.png ! alt :  ! title : Obat-Tetes-Kutu-1ml.png ! desc :  ! caption : ",,http://localhost:8000/product/tetes-kutu-kucing-putih-1-ml-ampuh-untuk-kucing-dan-anjing/,0,,,simple,,"Obat Anabul",,,,,,,
"EAR TAG KAMBING KECIL POLOS 1,8 CM X 5 CM TEBAL - Ear tag Kambing, Domba, Babi Dan Hewan Ternak Lainnya Tanpa Nomor.",ear-tag-kambing-kecil-polos-18-cm-x-5-cm-tebal-ear-tag-kambing-domba-babi-dan-hewan-ternak-lainnya-tanpa-nomor,,243,"<strong>Ear tag polos ukuran 1,8 x 5 cm</strong>

<strong>Ada 3 varian warna :</strong>
<ul>
 	<li>Orange</li>
 	<li>Biru</li>
 	<li>Kuning</li>
</ul>
Ear tag kualitas bagus, bahan lentur dan awet. Mohon konfirmasi warna terlebih dahulu ya sebelum order. Jika tidak ada keterangan, kami kirimkan sesuai stok yang ada. Berfungsi untuk membantu proses identifikasi ternak untuk breeding maupun fattening.

<strong>Selamat Belanja!</strong>",,Published,,0,"2026-07-02 17:24:09",1,open,TTS00104,,,no,no,,1400,,50,2,4,1,,,instock,no,no,,no,taxable,,,,,,'-1,'-1,,,"http://localhost:8000/wp-content/uploads/2026/07/Ear-Tag-Kambing-Kecil-Polos-18cm-X-5cm-Tebal.png ! alt :  ! title : Ear-Tag-Kambing-Kecil-Polos-18cm-X-5cm-Tebal.png ! desc :  ! caption : ",,http://localhost:8000/product/ear-tag-kambing-kecil-polos-18-cm-x-5-cm-tebal-ear-tag-kambing-domba-babi-dan-hewan-ternak-lainnya-tanpa-nomor/,0,,,simple,,"Perlengakapan Ternak",,,,,,,
"RHEINVIT AD3E PLUS 100 ML - Multivitamin Untuk Produktivitas & Kesehatan Hewan Ternak",rheinvit-ad3e-plus-100-ml-multivitamin-untuk-produktivitas-kesehatan-hewan-ternak,,244,"<strong>FORMULA:</strong>

<strong>Setiap 1 ml. mengandung:</strong>
<ul>
 	<li>Vitamin A ............................ 25.000.000 IU</li>
 	<li>Vitamin D3 .............. .............. 2.500.000 IU</li>
 	<li>Vitamin E................................. .. 5.000 IU</li>
 	<li>Formulation Agent qs........................................ 100 ml</li>
</ul>
<strong>INDIKASI:</strong>
<ul>
 	<li>Merangsang pertumbuhan hewan muda.</li>
 	<li>Mempercepat masa penggemukan. Meningkatkan konversi nutrisi.</li>
 	<li>Meningkatkan produksi daging dan susu.</li>
 	<li>Meningkatkan kesuburan di semua spesies.</li>
 	<li>Suplementasi vitamin bila diperlukan.</li>
 	<li>Mencegah penyakit akibat kekurangan vitamin A, D dan E.</li>
 	<li>Meningkatkan daya tahan terhadap infeksi.</li>
 	<li>Sebagai pengobatan tambahan/supportif pada penyakit menular.</li>
</ul>
<strong>DOSIS DAN PENGGUNAAN:</strong>
<ul>
 	<li>Betis: 1/2 sampai 1 ml.</li>
 	<li>Sapi jantan dan sapi dara: 1 sampai 2 ml.</li>
 	<li>Sapi dewasa: 2 hingga 4 ml.</li>
 	<li>Domba: 1/4 hingga 1/2 ml.</li>
 	<li>Domba tahunan: 1/2 hingga 1 ml.</li>
 	<li>Ovines dewasa: 1 hingga 2 ml.</li>
 	<li>Babi yang disapih: 1/4 hingga 1/2 ml. anak anjing: 1/2 hingga 1 ml.</li>
 	<li>Babi dewasa: 1 hingga 2 ml.</li>
 	<li>Anak anjing: 1 hingga 2 ml.</li>
</ul>
Kemasan 100 ml",,Published,,0,"2026-07-02 17:24:11",1,open,TTS00105,,,no,no,,116500,,250,7,13,7,,,instock,no,no,,no,taxable,,,,,,'-1,'-1,,,"http://localhost:8000/wp-content/uploads/2026/07/Rheinvit-Ad3e-Plus-100-ml-_-Agrovet.png ! alt :  ! title : Rheinvit-Ad3e-Plus-100-ml-_-Agrovet.png ! desc :  ! caption : ",,http://localhost:8000/product/rheinvit-ad3e-plus-100-ml-multivitamin-untuk-produktivitas-kesehatan-hewan-ternak/,0,,,simple,,"Vitamin & Suplemen Ternak & Unggas",,,,,,,
"DOT MERAH KUNING 6 CM DAN BOTOL 500 ML - Untuk Pedet, Cempe, Babi, DLL.",dot-merah-kuning-6-cm-dan-botol-500-ml-untuk-pedet-cempe-babi-dll,,245,"<strong>Bahan :</strong> Plastik berkualitas tinggi, food-grade silikon

Mudah Diminum oleh segala jenis hewan

100% berkualitas tinggi

<strong>Fitur :</strong>
<ul>
 	<li>Bahan berkualitas tinggi.</li>
 	<li>Puting ini dirancang khusus untuk domba,kambing,kucing,anjing</li>
 	<li>Terbuat dari silikon, aman dan tidak membahayakan domba,kambing,kucing,anjing</li>
 	<li>Simulasi tinggi, lembut, tahan lama, tahan gigitan.</li>
 	<li>Lubang udara pada tutup puting susu memiliki efek yang membantu pada susu induk yang tidak keluar.</li>
</ul>
<strong>Kegunaan :</strong>
<ul>
 	<li>Sangat membantu induk atau anak hewan untuk minum susu atau minuman nutrisi yang bisa di aplikasikan berkali kali</li>
 	<li>Bahan sangat lembut efisiensi dalam meminumkan susu/nutirisi</li>
</ul>
<strong>Spesifikasi :</strong>
<ul>
 	<li>Sangat mudah di pasangkan pada botol bekas yg mudah didapat</li>
 	<li>Bahan:Silikon,</li>
 	<li>Warna: Seperti gambar yang ditunjukkan</li>
 	<li>Ukuran Tinggi: 5.8cm (2.28in)</li>
 	<li>Diameter: 3cm (1.18in)</li>
</ul>
#DotKambing #Domba #Kucing #Anjing

#DotCempe #TutupBotolKuning #KepalaDotBayiAnakKucing #AnjingKambing #Hewan #NippleKaretLembut #DOT #CEMPE #ANAK KAMBING

<strong>Warna :</strong> Merah (puting susu), Kuning (tutup), sesuai gambar

<strong>Cocok digunakan untuk :</strong> Anjing, Kucing, Sapi, Kambing, Domba, Kelinci ,Babi ,Hamster

<strong>Isi :</strong> 1 pcs silikon puting

Botol 500ml",,Published,,0,"2026-07-02 17:24:11",1,open,TTS00106,,,no,no,,9500,,80,6,18,4,,,outofstock,no,no,,no,taxable,,,,,,'-1,'-1,,,"http://localhost:8000/wp-content/uploads/2026/07/Dot-Merah-Kuning-6-cm-Botol-500-ml.png ! alt :  ! title : Dot-Merah-Kuning-6-cm-Botol-500-ml.png ! desc :  ! caption : ",,http://localhost:8000/product/dot-merah-kuning-6-cm-dan-botol-500-ml-untuk-pedet-cempe-babi-dll/,0,,,simple,outofstock,"Botol dan Dot",,,,,,,
"METOXY BLUE SPRAY 250 ML - Menyembuhkan Luka Spray Hewan Ternak.",metoxy-blue-spray-250-ml-menyembuhkan-luka-spray-hewan-ternak,,246,"Untuk mengatasi infeksi bakteri dan infeksi jamur pada kulit bagian luar, seperti digital dermatitis pada sapi, atopic dermatitis pada anjing, infeksi soremouth pada kambing, foot rot pada sapi dan sebagainya. Dapat juga digunakan sebagai disinfeksi pada daerah operasi maupun daerah injeksi.

<strong>CARA PEMAKAIAN:</strong>

Semprotkan pada daerah infeksi seperlunya sebanyak 2/3 kali sehari

<strong>KOMPOSISI :</strong>
<ul>
 	<li>Methylene blue 10,000 mg</li>
 	<li>1,5-Pentanedial 1,800 mg</li>
 	<li>Oxytetracycline 6,000 mg</li>
 	<li>Isopropyl Alkohol 250 ml</li>
 	<li>Pelarut, qs 1,000 ml</li>
</ul>
<strong>PENYIMPANAN :</strong>

Simpan di tempat yang kering dan sejuk. Jauhi dari sinar matahari langsung dan jangkauan anak-anak.

<strong>KEMASAN:</strong>

250 ml",,Published,,0,"2026-07-02 17:24:12",1,open,TTS00111,,,no,no,,52100,,350,6,19,8,,,outofstock,no,no,,no,taxable,,,,,,'-1,'-1,,,"http://localhost:8000/wp-content/uploads/2026/07/Metoxy-Blue-250-ml.png ! alt :  ! title : Metoxy-Blue-250-ml.png ! desc :  ! caption : ",,http://localhost:8000/product/metoxy-blue-spray-250-ml-menyembuhkan-luka-spray-hewan-ternak/,0,,,simple,outofstock,"Desinfektan & Antiseptik",,,,,,,
"VET B1 - Vitamin B1 Duta Kaisar 100 ML.",vet-b1-vitamin-b1-duta-kaisar-100-ml,,247,"<strong>VET B1 100 ML</strong>

<strong>INDIKASI :</strong>
<ul>
 	<li>Meningkatkan pertumbuhan hewan ternak</li>
 	<li>Meningkatkan selera makan hewan ternak yang sedang sakit</li>
 	<li>Menjaga kesehatan ternak</li>
</ul>
<strong>DOSIS:</strong>
<ul>
 	<li>Kuda, sapi : 0,05 - 0,5 ml/kg BB/hari (0,5 - 5 mg/kg BB/hari)</li>
 	<li>Kambing : 0,2 - 2 ml</li>
 	<li>Babi : 0,05 - 1 ml</li>
 	<li>Anjing, kucing : 0,02 - 0,04 ml (IM)</li>
 	<li>Unggas : 0.005 - 0.04 ml</li>
</ul>
<strong>KEMASAN</strong>

100 ml",,Published,,0,"2026-07-02 17:24:12",1,open,TTS00112,,,no,no,,61300,,250,6,12,6,,,instock,no,no,,no,taxable,,,,,,'-1,'-1,,,"http://localhost:8000/wp-content/uploads/2026/07/Vet-B1-Duta-Kaisar-100-ml.png ! alt :  ! title : Vet-B1-Duta-Kaisar-100-ml.png ! desc :  ! caption : ",,http://localhost:8000/product/vet-b1-vitamin-b1-duta-kaisar-100-ml/,0,,,simple,,"Vitamin Injeksi",,,,,,,
"KALVOLAC KEMASAN REPACK 1 KG - Susu Ternak untuk Sapi, Kambing, Domba, DLL.",kalvolac-kemasan-repack-1-kg-susu-ternak-untuk-sapi-kambing-domba-dll,,248,"<strong>Kemasan ekonomis</strong>

MILK REPLACER UNTUK MENGOPTIMALKAN TUMBUH KEMBANG CEMPE PEDET ANAK BABI,ANAK KUDA,DAN HEWAN LAINYA

TERBUAT DARI BAHAN PILIHAN SEHINGGA TIDAK MENYEBABKAN DIARE

KEMASAN 1KG BISA DIGUNAKAN UNTUK 7-10 LITER SUSU

<strong>Kelebihan kalvolac:</strong>
<ul>
 	<li>Mengandung kolostrum sehingga baik diberikan untuk anakan sapi (pedet) maupun anakan kambing (cempe) baru lahir yg ditinggalkan induknya.</li>
 	<li>Tidak menyebabkan diare.</li>
 	<li>1 sak berat 25 kg</li>
</ul>",,Published,,0,"2026-07-02 17:24:12",1,open,TTS00113,,,no,no,,36305,,1000,7,29,16,,,instock,no,no,,no,taxable,,,,,,'-1,'-1,,,"http://localhost:8000/wp-content/uploads/2026/07/Kalvolac-Kemasan-Repack-1-kg.png ! alt :  ! title : Kalvolac-Kemasan-Repack-1-kg.png ! desc :  ! caption : ",,http://localhost:8000/product/kalvolac-kemasan-repack-1-kg-susu-ternak-untuk-sapi-kambing-domba-dll/,0,,,simple,,"Susu Ternak",,,,,,,
"ROYAL MINERAL BLOCK 3 KG ROYAL ILAC - Mineral Blok Jilat Untuk Sapi, Domba, Kambing, DLL.",royal-mineral-block-3-kg-royal-ilac-mineral-blok-jilat-untuk-sapi-domba-kambing-dll,,249,"Mineral Blok Royal yang biasa juga disebut Garam Jilat, merupakan suplemen bergizi yang sangat bermanfaat bagi kesehatan hewan ternak Anda, seperti Sapi, Kambing, Domba, Kuda.

FORMULA MINERAL BLOK ROYAL ILAC WARNA MERAH LEBIH COCOK UNTUK DOMBA, SEDANGKAN YANG WARNA ABU-ABU LEBIH COCOK UNTUK KAMBING

Hewan ternak yang mengosumsi Royal Mineral Blok serta air minum secara teratur maka akan terhindar dari bahaya konsumsi benda-benda yang bukan pakan seperti tanah, kerikil, tulang, plastik, kain, dll.

Selain itu kandungan gizi pada garam jilat yang lengkap akan mengurangi resiko diare pada hewan ternak akibat konsumsi benda bukan pakan.

<strong>Catatan:</strong>

Harga yang tertera pada keterangan produk, merupakan harga per 3 kilogram

<strong>Manfaat dari Mineral Block / Garam Jilat:</strong>

1. Meningkatkan daya tahan terhadap penyakit

2. Menambah nafsu makan

3. Mempercepat pertumbuhan dan berat badan

4. Meningkatkan fertilitas

5. Melengkapi nutrisi sebagai sumber mineral dan garam

<strong>Komposisi Mineral :</strong>
<ul>
 	<li>Na : 37.79%</li>
 	<li>Ca : 1.96%</li>
 	<li>Mg : 0.32%</li>
 	<li>Mineral tambahan: Fe, Zn, Cu, Mn, Co, I dan Se</li>
</ul>
<strong>Keunggulan produk Royal Mineral Block / Garam Jilat:</strong>

1. Import dari Turki

2. Tidak mudah rusak akibat jatuh atau terkena percikan air

3. Kemasan 3 kg

OPEN RESELLER dan AGEN",,Published,,0,"2026-07-02 17:24:12",1,open,TTS00114,,,no,no,,116000,,3200,14,12,14,,,outofstock,no,no,,no,taxable,,,,,,'-1,'-1,,,"http://localhost:8000/wp-content/uploads/2026/07/Royal-Mineral-Block-3-Kg-Royal-Ilac.png ! alt :  ! title : Royal-Mineral-Block-3-Kg-Royal-Ilac.png ! desc :  ! caption : ",,http://localhost:8000/product/royal-mineral-block-3-kg-royal-ilac-mineral-blok-jilat-untuk-sapi-domba-kambing-dll/,0,,,simple,outofstock,"Mineral Blok",,,,,,,
"DOT MERAH KUNING 6 CM + BOTOL 400 ML - Cocok Untuk Segala Jenis Ternak Kambing, Domba, Sapi, DLL.",dot-merah-kuning-6-cm-botol-400-ml-cocok-untuk-segala-jenis-ternak-kambing-domba-sapi-dll,,259,"<strong>BOTOL DOT CEMPE KAMBING DOMBA UKURAN BOTOL 250 ML</strong>

<strong>Bahan :</strong> Plastik berkualitas tinggi, food-grade silikon

Mudah Diminum oleh segala jenis hewan

100% berkualitas tinggi

<strong>Fitur:</strong>
<ul>
 	<li>Bahan berkualitas tinggi.</li>
 	<li>Puting ini dirancang khusus untuk domba,kambing,kucing,anjing</li>
 	<li>Terbuat dari silikon, aman dan tidak membahayakan domba,kambing,kucing,anjing</li>
 	<li>Simulasi tinggi, lembut, tahan lama, tahan gigitan.</li>
 	<li>Lubang udara pada tutup puting susu memiliki efek yang membantu pada susu induk yang tidak keluar.</li>
</ul>
<strong>Kegunaan</strong>
<ul>
 	<li>Sangat membantu induk atau anak hewan untuk minum susu atau minuman nutrisi yang bisa di aplikasikan berkali kali</li>
 	<li>Bahan sangat lembut efisiensi dalam meminumkan susu/nutirisi</li>
</ul>
<strong>Spesifikasi:</strong>
<ul>
 	<li>Sangat mudah di pasangkan pada botol bekas yg mudah didapat</li>
 	<li>Bahan:Silikon</li>
 	<li>Tipe PP: Domba Persediaan</li>
 	<li>Warna: Seperti gambar yang ditunjukkan</li>
 	<li>Ukuran Tinggi: 5.8cm (2.28in)</li>
 	<li>Diameter: 3cm (1.18in)</li>
</ul>
<strong>JAMINAN PRODUK:</strong>

Dijamin produk sesuai dengan deskripsi. Rekomendasi terbaik makanan hamster original 100% bebas bahan pengawet dan tanpa bahan kimia.",,Published,,0,"2026-07-02 17:24:49",1,open,TTS00115,,,no,no,,12000,,80,2,4,1,,,outofstock,no,no,,no,taxable,,,,,,'-1,'-1,,,"http://localhost:8000/wp-content/uploads/2026/07/Dot-Merah-Kuning-6-cm-Botol-400-ml.png ! alt :  ! title : Dot-Merah-Kuning-6-cm-Botol-400-ml.png ! desc :  ! caption : ",,http://localhost:8000/product/dot-merah-kuning-6-cm-botol-400-ml-cocok-untuk-segala-jenis-ternak-kambing-domba-sapi-dll/,0,,,simple,outofstock,"Botol dan Dot",,,,,,,
"VITAMIN B1 WONDER 100 ML - Atasi Gangguan Pencernaan, Selera Makan, Kaki Lemas Hewan Ternak",vitamin-b1-wonder-100-ml-atasi-gangguan-pencernaan-selera-makan-kaki-lemas-hewan-ternak,,260,"<strong>VITAMIN B1 WONDER</strong>

<strong>KOMPOSISI</strong>

Thiamin Hydrachloridum 100 mg / ml

<strong>INDIKASI</strong>
<ul>
 	<li>Gangguan Syaraf</li>
 	<li>Menurunnya fungsi usus dan lambung</li>
 	<li>Gangguan pencernaan</li>
 	<li>Nafsu makan berkurang</li>
 	<li>Menurunnya berat badan</li>
 	<li>Pertumbuhan yang abnormal</li>
 	<li>Kaki melemas, kesemutan, gangguan pada waktu berjalan/berdiri</li>
 	<li>Kelelahan</li>
 	<li>Busung lapar</li>
 	<li>Beri-beri</li>
 	<li>Bulu kusam/bersirap</li>
 	<li>Gangguan pada kulit</li>
 	<li>Defisiensi Vitamin B1 pada umumnya.</li>
</ul>
<strong>DOSIS</strong>
<ul>
 	<li>Sapi, kerbau, kuda, babi: 1-10 ml</li>
 	<li>Domba, kambing, anak babi : 1-5 ml</li>
 	<li>Anjing, kucing : 1-2 ml</li>
 	<li>Unggas : 0,2-0,5 ml</li>
</ul>",,Published,,0,"2026-07-02 17:24:49",1,open,TTS00117,,,no,no,,62118,,250,6,12,6,,,outofstock,no,no,,no,taxable,,,,,,'-1,'-1,,,"http://localhost:8000/wp-content/uploads/2026/07/Vitamin-B1-Wonder-100ml.png ! alt :  ! title : Vitamin-B1-Wonder-100ml.png ! desc :  ! caption : ",,http://localhost:8000/product/vitamin-b1-wonder-100-ml-atasi-gangguan-pencernaan-selera-makan-kaki-lemas-hewan-ternak/,0,,,simple,outofstock,"Vitamin & Suplemen Ternak & Unggas",,,,,,,
"CLOXA - BEN DRY COW - Untuk Kering Kandang, Mastitis Dan Perlindungan Lebih Lanjut Di Musim Kemarau",cloxa-ben-dry-cow-untuk-kering-kandang-mastitis-dan-perlindungan-lebih-lanjut-di-musim-kemarau,,261,"<strong>CLOXA BEN DRY COW 1 Syringe (1 Box Isi 24 Syringe LEBIH HEMAT, cek etalase toko kami ini)</strong>

<strong>Indikasi:</strong>

Untuk digunakan pada sapi saat dikeringkan mengobati infeksi mastitis yang ada dan untuk memberikan perlindungan agar infeksi lebih lanjut selama musim kemarau.

<strong>Kontraindikasi:</strong>
<ul>
 	<li>Jangan digunakan pada sapi menyusui.</li>
 	<li>Tidak untuk digunakan dalam waktu 49 hari setelah melahirkan.</li>
 	<li>Jangan gunakan bersama obat lain dengan hipersensitivitas terhadap salah satu bahan.</li>
</ul>
<strong>Dosis dan Aplikasi:</strong>
<ul>
 	<li>Untuk aplikasi intramammary tunggal.</li>
 	<li>Disinfeksi puting susu setelah pemerahan terakhir pada awal periode kering dan berikan isi injector per kuartir.</li>
 	<li>Rawat semua bagian.</li>
</ul>
<strong>Tindakan pencegahan dan peringatan</strong>
<ul>
 	<li>Jangan menangani produk jika Anda diketahui sangat sensitif terhadap penisilin.</li>
 	<li>Hindari kontak kulit, kenakan sarung tangan dan cuci tangan setelah digunakan.</li>
 	<li>Bilas kulit dengan air dan sabun kontak langsung dengan produk.</li>
</ul>
<strong>Waktu henti obat:</strong>
<ul>
 	<li>Daging dan jeroan: 28 hari</li>
 	<li>Susu untuk konsumsi manusia hanya boleh diambil mulai dari 96 jam (yaitu, pada pemerahan ke-8 diperah dua kali sehari) setelah melahirkan.</li>
</ul>
<strong>Kondisi penyimpanan:</strong>

Simpan di bawah 25 ° C. Jangan dibekukan.",,Published,,0,"2026-07-02 17:24:49",1,open,TTS00118,,,no,no,,32000,,50,3,16,3,,,instock,no,no,,no,taxable,,,,,,'-1,'-1,,,"http://localhost:8000/wp-content/uploads/2026/07/Cloxa-Ben-Dry-Cow-_-1-syringe.png ! alt :  ! title : Cloxa-Ben-Dry-Cow-_-1-syringe.png ! desc :  ! caption : ",,http://localhost:8000/product/cloxa-ben-dry-cow-untuk-kering-kandang-mastitis-dan-perlindungan-lebih-lanjut-di-musim-kemarau/,0,,,simple,,"Obat Ternak",,,,,,,
"PUPUK TRICODERMA 1 KG - Menyuburkan, Memperbaiki, Mengefisienkan, Mempercepat Pertumbuhan.",pupuk-tricoderma-1-kg-menyuburkan-memperbaiki-mengefisienkan-mempercepat-pertumbuhan,,262,"<strong>Pupuk Hayati Tricoderma + 1 Kg - Tricoderma 1 Kg - Pupuk Tricoderma - pupuk organik tricoderma</strong>

Trico-Z adalah agensi hayati yang berisi jamur Trichoderma harzianum dan diperkaya dengan beberapa mikroorganisme lain yang menguntungkan, jamur Trichoderma harzianum adalah predator alami dari berbagai macam jamur pathogen karena menghambat, merusak dan membunuh jamur penyakit tular tanah. Sehingga Trichoderma harzianum bermanfaat sebagai fungisida alami. Kelebihan Trichoderma harzianum adalah tidak menimbulkan resistensi dari jamur/ mikroorganisme penyakit tular tanah.

Bahan aktif: Trichoderma harzianum 8,1 x 107 CFU/ ml dan diperkaya beberapa mikroba lainnya juga dilengkapi dengan micronutrient. Tersedia kemasan 100 gr, 250 gr, 500 gr, 1 kg dan 25 kg.

<strong>Manfaat TRICO-Z</strong>
<ul>
 	<li>Melindungi tanaman dari serangan penyakit: Layu Fusarium, Busuk buah Antraknosa, Colletotricum, bakteri Pseudomonas solanacearum, busuk pangkal batang Phytoptora.</li>
 	<li>Menyuburkan, memperbaiki struktur dan pH tanah.</li>
 	<li>Mengurai bahan organik di tanah menjadi unsur hara yang bisa diserap tanaman.</li>
 	<li>Sebagai agen hayati stimulasi pertumbuhan tanaman.</li>
 	<li>Meningkatkan dan memperpanjang masa produksi pada tanaman hortikultura dan perkebunan.</li>
 	<li>Mempercepat perkecambahan biji &amp; pertumbuhan tanaman.</li>
 	<li>Mengefisienkan pemupukan dan menekan biaya produksi.</li>
 	<li>Mengurangi pemakaian fungisida kimia.</li>
 	<li>Meningkatkan sistem perakaran yang besar dan banyak, meningkatkan kemampuan akar mengikat air sehingga tanaman lebih tahan di musim kemarau yang lama.</li>
</ul>
<strong>TAHAP-TAHAP PEMAKAIAN TRICO-Z</strong>

1. Treatment biji/ benih sebelum tanam.

Basahi bibit kemudian campurkan dengan TRICO-Z dalam kantong plastik dengan dosis 5 - 10 gr TRICO-Z per 100 gr biji/ benih.

2. Dimasukan ke lubang tanam.
<ul>
 	<li>Tanaman hortikultura/ palawija: 5 gr/ lubang tanam.</li>
 	<li>Tanaman besar (pisang, pepaya, perkebunan, dll): 20 gr/ tanaman.</li>
</ul>
3. Pengomposan: 2 kg/ ton bahan kompos.

Pupuk Hayati Tricoderma + 1 Kg - Tricoderma 1 Kg - Pupuk Tricoderma - pupuk organik tricoderma

#pupukhayati #pupuktricoderma #pupukorganik #pupukorganiktanaman",,Published,,0,"2026-07-02 17:24:49",1,open,TTS00119,,,no,no,,60000,,1200,7,29,16,,,instock,no,no,,no,taxable,,,,,,'-1,'-1,,,"http://localhost:8000/wp-content/uploads/2026/07/Pupuk-Tricoderma-1-Kg.png ! alt :  ! title : Pupuk-Tricoderma-1-Kg.png ! desc :  ! caption : ",,http://localhost:8000/product/pupuk-tricoderma-1-kg-menyuburkan-memperbaiki-mengefisienkan-mempercepat-pertumbuhan/,0,,,simple,,Pupuk,,,,,,,
"PLASTIK SHEET IB 20 PCS - Untuk Inseminasi Buatan Ternak Sap,i Kambing, Domba, Kuda, DLL.",plastik-sheet-ib-20-pcs-untuk-inseminasi-buatan-ternak-sapi-kambing-domba-kuda-dll,,263,"<strong>Plastik Sheet IB Plastik Sheet</strong> Inseminasi Hewan Sapi Kambing Domba Kuda

<strong>Isi :</strong> 20 pcs/ pack

<strong>Bahan :</strong> Plastik

<strong>Panjang :</strong> 44 cm

<strong>Berat Aktual :</strong> 45 gram

<strong>Berat packing :</strong> 350 gram (karena panjang dan ringan, jadi menambah volume pengemasan)

Berfungsi sebagai pelindung inseminasi gun setelah diisi dengan straw, agar tidak melukai saat dimasukkan kedalam saluran reproduksi betina.",,Published,,0,"2026-07-02 17:24:49",1,open,TTS00122,,,no,no,,24000,,80,6,40,3,,,outofstock,no,no,,no,taxable,,,,,,'-1,'-1,,,"http://localhost:8000/wp-content/uploads/2026/07/Plastik-Sheet-IB-1-Pack-20-pcs.png ! alt :  ! title : Plastik-Sheet-IB-1-Pack-20-pcs.png ! desc :  ! caption : ",,http://localhost:8000/product/plastik-sheet-ib-20-pcs-untuk-inseminasi-buatan-ternak-sapi-kambing-domba-kuda-dll/,0,,,simple,outofstock,"Plastik Silase & Sheats IB",,,,,,,
"CACING EXITOR SACHET 10 KAPSUL - Untuk Membasmi Cacing pada Ayam, Bebek Dan Unggas Lainnya.",cacing-exitor-sachet-10-kapsul-untuk-membasmi-cacing-pada-ayam-bebek-dan-unggas-lainnya,,264,"<strong>CACING EXITOR SACHET 10 KAPSUL</strong>

Pembasmi Cacing gilik. Seperti penurunan kualitas cangkang telur, ayam stres, tidak napsu makan.

<strong>lNDlKASl :</strong>

Infeksi cacing gilik (Ascaridia sp., Oxyspirura sp.)

<strong>KANDUNGAN per kapsul :</strong>

Piperazine citrate 320 mg

<strong>ATURAN PAKAI dan DOSIS :</strong>

Ayam

Umur 4-6 Minggu 1 kapsul

Lebih dari 6 Minggu 2 kapsul sekaligus

<strong>PERHATIAN :</strong>
<ul>
 	<li>Untuk memperoleh hasil yang baik, obat diberikan pada pagi hari sebelum ayam diberi makan</li>
 	<li>Untuk menjaga kesehatan dan produksi telur tetap tinggi, pengobatan diulang tiap bulan atau bila terlihat adanya gejala cacingan</li>
 	<li>Hentikan pemakaian obat 5 hari sebelum ayam dipotong untuk dikonsumsi</li>
 	<li>Simpan obat di tempat yang kering dan tertutup rapat, terhindar dari sinar matahari langsung</li>
 	<li>Obat hanya untuk hewan</li>
</ul>",,Published,,0,"2026-07-02 17:24:50",1,open,TTS00123,,,no,no,,3300,,45,3,9,10,,,instock,no,no,,no,taxable,,,,,,'-1,'-1,,,"http://localhost:8000/wp-content/uploads/2026/07/Cacing-Exitor-Sachet-10-Kapsul-_-Medion.png ! alt :  ! title : Cacing-Exitor-Sachet-10-Kapsul-_-Medion.png ! desc :  ! caption : ",,http://localhost:8000/product/cacing-exitor-sachet-10-kapsul-untuk-membasmi-cacing-pada-ayam-bebek-dan-unggas-lainnya/,0,,,simple,,"Obat Unggas",,,,,,,
"CACING EXITOR 1 BOX (ISI 50 SACHET - 10 KAPSUL) - Untuk Masalah Cacing pada Ayam, Bebek Dan Unggas",cacing-exitor-1-box-isi-50-sachet-10-kapsul-untuk-masalah-cacing-pada-ayam-bebek-dan-unggas,,265,"<strong>CACING EXITOR 1 BOX (ISI 50 SACHET - 10 KAPSUL)</strong>

<strong>ATURAN PAKAI dan DOSIS :</strong>

Ayam

Umur 4-6 Minggu 1 kapsul

Lebih dari 6 Minggu 2 kapsul sekaligus

<strong>ISI</strong>

1 BOX (ISI 50 SACHET - 10 KAPSUL)",,Published,,0,"2026-07-02 17:24:50",1,open,TTS00123X50,,,no,no,,146715,,100,6,19,9,,,instock,no,no,,no,taxable,,,,,,'-1,'-1,,,"http://localhost:8000/wp-content/uploads/2026/07/Cacing-Exitor-Sachet-1-Box_-Medion.png ! alt :  ! title : Cacing-Exitor-Sachet-1-Box_-Medion.png ! desc :  ! caption : ",,http://localhost:8000/product/cacing-exitor-1-box-isi-50-sachet-10-kapsul-untuk-masalah-cacing-pada-ayam-bebek-dan-unggas/,0,,,simple,,"Obat Unggas",,,,,,,
"KADOFU 1 KG BY MEDION - Makanan Kering Kucing Adult and Kitten.",kadofu-1-kg-by-medion-makanan-kering-kucing-adult-and-kitten,,266,"<strong>KADOFU 1 KG</strong>

Kadofu dibuat dari bahan baku pilihan bernutrisi tinggi, mengandung semua nutrisi yang cocok untuk anak kucing dan kucing dewasa. Kadofu diproduksi di fasilitas yang telah memiliki sertifikat GMP dan HACCP sehingga standar dan keamanan pangan selalu terjaga.

<strong>PROTEIN SEIMBANG, UNTUK MEMENUHI KEBUTUHAN KUCING ANDA</strong>
<ul>
 	<li>Kaya akan serat, sehingga lebih mudah dicerna</li>
 	<li>Kolin Klorida, untuk meningkatkan fungsi otak</li>
 	<li>Taurin, untuk penglihatan dan fungsi hati yang lebih baik</li>
 	<li>Ekstrak Yucca, untuk mengurangi bau tidak sedap pada kotoran</li>
</ul>
<strong>ANALISIS NUTRISI</strong>
<ul>
 	<li>Protein kasar min 28%</li>
 	<li>Lemak kasar min 9%</li>
 	<li>Serat kasar maks 6%</li>
 	<li>Kadar air maks 10%</li>
</ul>
<strong>KEMASAN</strong>

1 kg",,Published,,0,"2026-07-02 17:24:50",1,open,TTS00124,,,no,no,,31500,,1200,7,29,16,,,instock,no,no,,no,taxable,,,,,,'-1,'-1,,,"http://localhost:8000/wp-content/uploads/2026/07/Kadofu-1-Kg-_-Medion.png ! alt :  ! title : Kadofu-1-Kg-_-Medion.png ! desc :  ! caption : ",,http://localhost:8000/product/kadofu-1-kg-by-medion-makanan-kering-kucing-adult-and-kitten/,0,,,simple,,"Pakan Anabul, Ternak & Unggas",,,,,,,
"Teramycin 10 ml + Supit - Obat Ayam Sakit Setelah Terkena Luka Sangat Bagus Mengobati Infeksi Terkena Jalu Sebagai Antibiotik Penyembuhan Luka dan Obat CRD",teramycin-10-ml-supit-obat-ayam-sakit-setelah-terkena-luka-sangat-bagus-mengobati-infeksi-terkena-jalu-sebagai-antibiotik-penyembuhan-luka-dan-obat-crd,,267,"<strong>Manfaat Istimewa :</strong>
<ul>
 	<li>Mengatasi ayam yg terluka</li>
 	<li>Mengatasi Infeksi</li>
 	<li>Sebagai antibiotik mencegah sakit</li>
 	<li>Obat CRD Ngorok dan Berak Kapur</li>
</ul>
<strong>Cara Penggunaan :</strong>
<ul>
 	<li>Ayam Usia Muda 1 - 3 bulan berikan dengan dosis 0.5 ml</li>
 	<li>Ayam Usia Dewasa 3 bulan lebih berikan dengan dosis 1.0 ml</li>
</ul>
<strong>Catatan :</strong>
<ul>
 	<li>Pemberian disarankan dari hari ke 1 - 3</li>
 	<li>Agar hasil Maximal bisa di lanjut di hari 3 - 5</li>
 	<li>Obat Injeksi Netto 10 ml</li>
</ul>",,Published,,0,"2026-07-02 17:24:50",1,open,TTS00128,,,no,no,,26000,,80,7,17,6,,,instock,no,no,,no,taxable,,,,,,'-1,'-1,,,"http://localhost:8000/wp-content/uploads/2026/07/Teramycin-10ml.png ! alt :  ! title : Teramycin-10ml.png ! desc :  ! caption : ",,http://localhost:8000/product/teramycin-10-ml-supit-obat-ayam-sakit-setelah-terkena-luka-sangat-bagus-mengobati-infeksi-terkena-jalu-sebagai-antibiotik-penyembuhan-luka-dan-obat-crd/,0,,,simple,,"Antibiotik & Anti Inflamasi",,,,,,,
"MELOVEM 100 ML - Untuk Menghilangkan Gejala Radang Seperti Panas & Nyeri Pada Hewan Ternak",melovem-100-ml-untuk-menghilangkan-gejala-radang-seperti-panas-nyeri-pada-hewan-ternak,,274,"<strong>MELOVEM 100 ML</strong>

<strong>INDIKASI</strong>

Untuk Menghilangkan Gejala Radang Seperti Panas &amp; Nyeri Pada Hewan Ternak Sapi Kambing Kuda

<strong>Dosis</strong>

<strong>Ternak:</strong> dosis 0,5 mg per kg berat badan (misalnya 2,5 ml per 100 kg berat badan)

<strong>Babi:</strong> dosis 0,4 mg per kg berat badan (misalnya 2,0 ml per 100 kg berat badan) Jika perlu, dosis kedua dapat diberikan setelah 24 jam.

<strong>Equine:</strong> Pemberian tunggal dengan dosis 0,6 mg per kg berat badan (mis. 3,0 ml per 100 kg berat badan).

<strong>ISI :</strong> 100 ML",,Published,,0,"2026-07-02 17:25:16",1,open,TTS00129,,,no,no,,400000,,250,7,13,7,,,instock,no,no,,no,taxable,,,,,,'-1,'-1,,,"http://localhost:8000/wp-content/uploads/2026/07/Melovem-100ml.png ! alt :  ! title : Melovem-100ml.png ! desc :  ! caption : ",,http://localhost:8000/product/melovem-100-ml-untuk-menghilangkan-gejala-radang-seperti-panas-nyeri-pada-hewan-ternak/,0,,,simple,,"Antibiotik & Anti Inflamasi|Obat Ternak",,,,,,,
"FOSGRIN KEMASAN 100 GRAM - Untuk Masalah infeksi bakteri E Coli Pada Ayam",fosgrin-kemasan-100-gram-untuk-masalah-infeksi-bakteri-e-coli-pada-ayam,,275,"<strong>FOSGRIN 100 GRAM</strong>

<strong>INDIKASI:</strong>

Untuk mengatasi penyakit akibat infeksi bakteri E Coli

<strong>DOSIS PEMAKAIAN:</strong>

<strong>Unggas:</strong> 160 mg/kg BB. Dilarutkan dengan air minum.

Selama 3-5 hari berturut turut

<strong>Kemasan</strong>

100 gram",,Published,,0,"2026-07-02 17:25:19",1,open,TTS00130,,,no,no,,50000,,100,5,14,4,,,outofstock,no,no,,no,taxable,,,,,,'-1,'-1,,,"http://localhost:8000/wp-content/uploads/2026/07/Fosgrin-Kemasan-100-Gram.png ! alt :  ! title : Fosgrin-Kemasan-100-Gram.png ! desc :  ! caption : ",,http://localhost:8000/product/fosgrin-kemasan-100-gram-untuk-masalah-infeksi-bakteri-e-coli-pada-ayam/,0,,,simple,outofstock,"Antibiotik & Anti Inflamasi|Obat Unggas",,,,,,,
"FLOXAGEN 100 ML - AB Untuk Pernafasan, Pencernaan dan Saluran Kemih PadaTernak.",floxagen-100-ml-ab-untuk-pernafasan-pencernaan-dan-saluran-kemih-padaternak,,276,"<strong>Setiap ml Floxagen Inj mengandung :</strong>

Enro ............ 100 mg

Krmentrian RI NO : D. PKC

<strong>Indikasi :</strong>

Floxagen Efektif untuk prngobatan infelsi saluran pencernaan, pernafasan dari saluran kemih pada ternak yang disebabkan oleh bakteri gram Positif dan Gram negatif .

<strong>Dosis dan cara pakai :</strong>
<ul>
 	<li>Babi, kambing, domba : 0,3 -0,5 ml / 10 kg</li>
 	<li>Sapi, kerbau : 1,5 ml- 2,5 ml/ 50kg</li>
</ul>",,Published,,0,"2026-07-02 17:25:20",1,open,TTS00131,,,no,no,,75000,,250,6,12,6,,,outofstock,no,no,,no,taxable,,,,,,'-1,'-1,,,"http://localhost:8000/wp-content/uploads/2026/07/Floxagen-100ml.png ! alt :  ! title : Floxagen-100ml.png ! desc :  ! caption : ",,http://localhost:8000/product/floxagen-100-ml-ab-untuk-pernafasan-pencernaan-dan-saluran-kemih-padaternak/,0,,,simple,outofstock,"Antibiotik & Anti Inflamasi",,,,,,,
"TESTOHORMON 20 ML WONDER - Mengatasi Gangguan Dan Memperbaiki Reproduksi Hewan.",testohormon-20-ml-wonder-mengatasi-gangguan-dan-memperbaiki-reproduksi-hewan,,277,"<strong>TESTOHORMON</strong>

<strong>KOMPOSISI</strong>

Setiap ml Testohormon mengandung:

Testosteron propionat …………………… 30 mg

<strong>INDIKASI</strong>

<strong>Pada hewan jantan:</strong>
<ul>
 	<li>Membantu pertumbuhan alat reproduksi jantan</li>
 	<li>Mengatasi impotensi</li>
 	<li>Memperbaiki produksi sperma</li>
 	<li>Memperbaiki fungsi testis</li>
 	<li>Membantu pengobatan radang testis</li>
 	<li>Menstimulasi pertumbuhan</li>
</ul>
<strong>Pada hewan betina:</strong>
<ul>
 	<li>Memperbaiki gangguan pada uterus</li>
 	<li>Memperbaiki gangguan laktasi</li>
 	<li>Membantu pengobatan mastitis</li>
</ul>
<strong>DOSIS &amp; CARA PEMAKAIAN</strong>

Testohormon diberikan melalui suntikan subkutan atau intramuskuler
<ul>
 	<li>Anak babi yang mengalami gangguan pertumbuhan : 0,5 – 1 ml</li>
 	<li>Babi : 3 – 5 ml</li>
 	<li>Sapi, kuda : 5 – 10 ml</li>
 	<li>Kambing, domba : 3 – 5 ml</li>
 	<li>Anjing : 1 – 5 ml</li>
 	<li>Kucing, kelinci : 0,5 – 1 ml</li>
 	<li>Kalkun, angsa : 0,1 – 1 ml</li>
 	<li>Ayam, bebek, burung : 0,1 – 0,5 ml</li>
 	<li>Atau sesuai petunjuk dokter hewan</li>
</ul>
<strong>PERINGATAN</strong>
<ul>
 	<li>Obat hanya untuk hewan, harus dengan resep dokter hewan.</li>
 	<li>Simpan di tempat yang sejuk dan terhindar dari sinar matahari langsung</li>
 	<li>Jauhkan dari jangkauan anak-anak</li>
 	<li>Jangan diberikan dalam 5 hari sebelum hewan dipotong untuk dikonsumsi dagingnya.</li>
</ul>
<strong>KEMASAN :</strong>

20 ml",,Published,,0,"2026-07-02 17:25:22",1,open,TTS00132,,,no,no,,164600,,90,6,6,9,,,instock,no,no,,no,taxable,,,,,,'-1,'-1,,,"http://localhost:8000/wp-content/uploads/2026/07/Testohormon-20-ml-_-Wonder.png ! alt :  ! title : Testohormon-20-ml-_-Wonder.png ! desc :  ! caption : ",,http://localhost:8000/product/testohormon-20-ml-wonder-mengatasi-gangguan-dan-memperbaiki-reproduksi-hewan/,0,,,simple,,"Hormon Ternak",,,,,,,
"LYSINE FOR CAT 50 GRAM - Lysine untuk Suplemen Penambah Kesehatan Untuk Anjing & Kucing",lysine-for-cat-50-gram-lysine-untuk-suplemen-penambah-kesehatan-untuk-anjing-kucing,,278,"<strong>KOMPOSISI</strong>
<ul>
 	<li>LYSINE SODIUM SALICYLTE</li>
 	<li>VITAMIN A, D3, E, K, B2, B3, B12, C</li>
 	<li>NICONITAMIDE</li>
 	<li>CALCIUM</li>
 	<li>MAGNESIUM</li>
 	<li>MAGANESE</li>
 	<li>ZINK</li>
 	<li>COPPER</li>
 	<li>COBALT</li>
</ul>
<strong>INDIKASI :</strong>
<ul>
 	<li>MENCEGAH FLU</li>
 	<li>MENCEGAH VIRUS HERPES</li>
 	<li>MENINGKAT ANTI BODY</li>
 	<li>MEMBANTU PENYERAPAN CALSIUM</li>
 	<li>MENINGKAT HORMON, ENZIM, COLAGEN DALAM TUBUH</li>
 	<li>MEMPERBAIKI SISTEM PERNAFASAN</li>
</ul>
<strong>ATURAN PAKAI</strong>
<ul>
 	<li>DEWASA / 12 BULAN KE ATAS 1/4 SENDOK TEH ( PER 1 X PORSI MAKAN)</li>
 	<li>KITTEN DI ATAS 3 BULAN 1/6 SENDOK TEH ( PER 1 X PORSI MAKAN)</li>
</ul>
<strong>CARA PEMBERIAN</strong>
<ul>
 	<li>BISA DI CAMPUR DI MAKANAN KERING BASAH</li>
 	<li>BISA DI CAMPURKAN DI MINUM</li>
</ul>",,Published,,0,"2026-07-02 17:25:25",1,open,TTS00135,,,no,no,,6500,,80,5,15,6,,,instock,no,no,,no,taxable,,,,,,'-1,'-1,,,"http://localhost:8000/wp-content/uploads/2026/07/Lysine-For-Cat.png ! alt :  ! title : Lysine-For-Cat.png ! desc :  ! caption : ",,http://localhost:8000/product/lysine-for-cat-50-gram-lysine-untuk-suplemen-penambah-kesehatan-untuk-anjing-kucing/,0,,,simple,,"Vitamin Anabul",,,,,,,
"LEVA 100 ML - Mengatasi Cacingan Untuk Hewan Ternak.",leva-100-ml-mengatasi-cacingan-untuk-hewan-ternak,,279,"<strong>LEVA 100 ML</strong>

<strong>Indikasi</strong>

Pencegahan dan pengobatan infeksi cacing usus dan paru-paru pada Sapi, anak sapi, domba, dan kambing

<strong>Umum:</strong>

1 ml per 20 kg berat badan.

<strong>Kemasan</strong>

Botol 100 ml.",,Published,,0,"2026-07-02 17:25:29",1,open,TTS00136,,,no,no,,130000,,250,6,12,6,,,outofstock,no,no,,no,taxable,,,,,,'-1,'-1,,,"http://localhost:8000/wp-content/uploads/2026/07/Leva-100-100-ml.png ! alt :  ! title : Leva-100-100-ml.png ! desc :  ! caption : ",,http://localhost:8000/product/leva-100-ml-mengatasi-cacingan-untuk-hewan-ternak/,0,,,simple,outofstock,"Obat Ternak",,,,,,,
"COMBIBOOST 100 ML - Untuk Sapi Ambruk Saat Perjalanan Dan Mengembalikan Daya Tahan Tubuh.",combiboost-100-ml-untuk-sapi-ambruk-saat-perjalanan-dan-mengembalikan-daya-tahan-tubuh,,285,"<strong>KOMPOSISI</strong>

<strong>100 ml COMBIBOOST mengandung : </strong>
<ul>
 	<li>ATP 100mg</li>
 	<li>Butafosfan 10.000 mg</li>
 	<li>Vit B12 50mg</li>
 	<li>Potasium Aspartate 1.000 mg</li>
 	<li>Magnesium Aspartate 1.500 mg</li>
 	<li>Sodium Selenite 100 mg</li>
</ul>
<strong>INDIKASI</strong>

<strong>SAPI</strong>
<ul>
 	<li>Gangguan metabolismo akibat nutrisi yang buruk, gangguan perkembangan &amp; nutrisi pada hewan muda.</li>
 	<li>Tonikum pada kelemahan, anemia sekunder.</li>
 	<li>Kelelahan dan kedinginan.</li>
 	<li>Meningkatkan berat badan.</li>
 	<li>Mengurangi stress.</li>
 	<li>Mencegah ketosis.</li>
</ul>
<strong>BABI</strong>
<ul>
 	<li>Mencegah stress.</li>
 	<li>Memperbaiki metabolisme.</li>
 	<li>Meningkatkan nafsu makan setelah melahirkan.</li>
</ul>
<strong>AYAM</strong>
<ul>
 	<li>Meningkatkan produksi telur.</li>
 	<li>Meningkatkan fertilitas dan pembentukan sperma.</li>
 	<li>Memperbaiki pertumbuhan bulu.</li>
</ul>
<strong>KUDA</strong>
<ul>
 	<li>Mengatasi defisiensi Phosphor dan vitamin B12.</li>
 	<li>Meningkatkan fitalitas.</li>
 	<li>Mengurangi stres.</li>
 	<li>Meningkatkan tenaga (tonikum).</li>
</ul>
<strong>ANJING &amp; KUCING</strong>
<ul>
 	<li>Meningkatkan tenaga.</li>
 	<li>Membantu persembuhan.</li>
 	<li>Mengembalikan kesehatan setelah sakit.</li>
 	<li>Memperbaiki pertumbuhan bulu rambut.</li>
</ul>
<strong>DOSIS</strong>

(Disuntikan via IM, IV atau SC)
<ul>
 	<li>Kuda, Sapi 10-25 ml</li>
 	<li>Anak kuda/sapi 5-12 ml</li>
 	<li>Domba / Kambing 8 ml</li>
 	<li>Babi 2,5-20 ml</li>
 	<li>Anak babi 1-2,5 ml</li>
 	<li>Anjing 0,5-5 ml</li>
 	<li>Kucing 0,5-2,5 ml</li>
 	<li>Ayam 0,2 ml/kg berat badan</li>
</ul>
<strong>Kemasan :</strong>

100ml",,Published,,0,"2026-07-02 17:26:01",1,open,TTS00137,,,no,no,,165000,,250,6,12,6,,,instock,no,no,,no,taxable,,,,,,'-1,'-1,,,"http://localhost:8000/wp-content/uploads/2026/07/Combiboost-100-ml.png ! alt :  ! title : Combiboost-100-ml.png ! desc :  ! caption : ",,http://localhost:8000/product/combiboost-100-ml-untuk-sapi-ambruk-saat-perjalanan-dan-mengembalikan-daya-tahan-tubuh/,0,,,simple,,"Vitamin & Suplemen Ternak & Unggas",,,,,,,
"ASTRESVIT 100 GRAM - Vitamin Elektrolit Untuk Hewan Ternak By AJS Agrinusa.",astresvit-100-gram-vitamin-elektrolit-untuk-hewan-ternak-by-ajs-agrinusa,,286,"<strong>ASTRESVIT 100 GRAM</strong>

Astresvit adalah multi vitamin dan elektrolit atasi ayam peliharaan terhadap stress perubahan cuaca dan situasi pasca vaksinasi

<strong>INDIKASI</strong>
<ul>
 	<li>Meningkatkan nafsu makan atasi defisiensi vitamin pada ayam</li>
 	<li>Memenuhi kebutuhan elektrolit</li>
 	<li>Mengoptimalkan produksi telur dan daging pada ternak unggas</li>
</ul>
<strong>DOSIS DAN ATURAN PAKAI</strong>
<ul>
 	<li>5 gram per 8-10 Liter air minum</li>
 	<li>Berikan 3-5 hari berturut-turut.</li>
</ul>
<strong>NETTO</strong>

100g",,Published,,0,"2026-07-02 17:26:01",1,open,TTS00138,,,no,no,,18000,,100,5,14,4,,,instock,no,no,,no,taxable,,,,,,'-1,'-1,,,"http://localhost:8000/wp-content/uploads/2026/07/Astresvit-100-gram.png ! alt :  ! title : Astresvit-100-gram.png ! desc :  ! caption : ",,http://localhost:8000/product/astresvit-100-gram-vitamin-elektrolit-untuk-hewan-ternak-by-ajs-agrinusa/,0,,,simple,,"Vitamin & Suplemen Ternak & Unggas",,,,,,jkk,0|1|0
"10 PCS ASTRESVIT 100 GRAM BY AGRINUSA LEBIH MURAH - Vitamin dan Elektrolit Untuk Unggas Ayam",10-pcs-astresvit-100-gram-by-agrinusa-lebih-murah-vitamin-dan-elektrolit-untuk-unggas-ayam,,287,"<strong>10 PCS ASTRESVIT 100 GRAM BY AGRINUSA LEBIH MURAH</strong>

Astresvit adalah multi vitamin dan elektrolit atasi ayam peliharaan terhadap stress perubahan cuaca

<strong>INDIKASI</strong>
<ul>
 	<li>Meningkatkan nafsu makan atasi defisiensi vitamin pada ayam</li>
 	<li>Memenuhi kebutuhan elektrolit</li>
 	<li>Mengoptimalkan produksi telur dan daging pada ternak unggas</li>
</ul>
<strong>DOSIS DAN ATURAN PAKAI</strong>
<ul>
 	<li>5 gram per 8-10 Liter air minum</li>
 	<li>Berikan 3-5 hari berturut-turut.</li>
</ul>
<strong>ISI</strong>

10 PCS",,Published,,0,"2026-07-02 17:26:01",1,open,TTS00138X10,,,no,no,,172900,,120,5,14,4,,,instock,no,no,,no,taxable,,,,,,'-1,'-1,,,"http://localhost:8000/wp-content/uploads/2026/07/Astresvit-100-gram.png ! alt :  ! title : Astresvit-100-gram.png ! desc :  ! caption : ",,http://localhost:8000/product/10-pcs-astresvit-100-gram-by-agrinusa-lebih-murah-vitamin-dan-elektrolit-untuk-unggas-ayam/,0,,,simple,,"Vitamin & Suplemen Ternak & Unggas",,,,,,,
"TEMPAT RANSUM AYAM MULTI FEEDER BY MEDION - Praktis Untuk Segala Usia Ayam.",tempat-ransum-ayam-multi-feeder-by-medion-praktis-untuk-segala-usia-ayam,,288,"<strong>Multi Feeder (MF)</strong>

Praktis untuk Segala Umur Ayam

Tempat ransum ayam yang dapat diatur ketinggian botolnya dengan menggunakan pengait angle bar 2 level sehingga dapat digunakan untuk ayam DOC hingga ayam dewasa. Dilengkapi dengan protektor sehingga menjadikan ransum lebih higienis dan efisien.

<strong>Spesifikasi:</strong>

<strong>Dimensi assembly:</strong>

<strong>MF level 1:</strong> Ø34 x 30,7 cm

<strong>MF level 2:</strong> Ø34 x 31,85 cm

<strong>Kapasitas ransum:</strong> ± 5 kg

<strong>Daya tampung:</strong> maksimal 60 ekor

Digunakan dengan cara diletakkan di lantai atau digantung.",,Published,,0,"2026-07-02 17:26:02",1,open,TTS00139,,,no,no,,56600,,6000,35,35,29,,,instock,no,no,,no,taxable,,,,,,'-1,'-1,,,"http://localhost:8000/wp-content/uploads/2026/07/Tempat-Ransum-Ayam-Multi-Feeder-_-Medion.png ! alt :  ! title : Tempat-Ransum-Ayam-Multi-Feeder-_-Medion.png ! desc :  ! caption : ",,http://localhost:8000/product/tempat-ransum-ayam-multi-feeder-by-medion-praktis-untuk-segala-usia-ayam/,0,,,simple,,"Perlengakapan Ternak",,,,,,,
"MASAMIX BRO 1 KG – Vitamin Premix Cocok Untuk Pertumbuhan Nutrisi Ayam Pedaging Broiler.",masamix-bro-1-kg-vitamin-premix-cocok-untuk-pertumbuhan-nutrisi-ayam-pedaging-broiler,,289,"<strong>MASAMIX BRO</strong>

Premix sebagai Nutrisi pemacu pertumbungan khusus untuk ayam pedaging.

Berisi Nutrisi tambahan sangat banyak (perhatikan perincian kandungannya), asam amino dan mineral essential sangat cocok untuk ayam broiler.

Sekaligus mencegah defisiensi vitamin dan meningkatkan kualitas ransum.

<strong>lNDlKASl :</strong>
<ul>
 	<li>Memacu pertumbuhan ayam</li>
 	<li>Meningkatkan kualitas ransum ayam</li>
 	<li>Menyempurnakan proses pencernaan</li>
 	<li>Mencegah defisiensi vitamin dan asam amino</li>
</ul>
<strong>KANDUNGAN per 10 Kg :</strong>
<ul>
 	<li>Vitamin A 12.500.000 IU</li>
 	<li>Vitamin D3 2.500.000 IU</li>
 	<li>Vitamin E 10.000 mg</li>
 	<li>Vitamin K3 2.000 mg</li>
 	<li>Vitamin B1 2.000 mg</li>
 	<li>Vitamin B2 4.000 mg</li>
 	<li>Vitamin B6 1.000 mg</li>
 	<li>Vitamin B12 12.000 mg</li>
 	<li>Vitamin C 40.000 mg</li>
 	<li>Niacin 4.000 mg</li>
 	<li>Ca-d-pantothenate 200 mg</li>
 	<li>Biotin 200 mg</li>
 	<li>L - Arginine 10.000 mg</li>
 	<li>L - Threonine 15.000 mg</li>
 	<li>DL-Methionine 50.000 mg</li>
 	<li>L-Lysine 125.000 mg</li>
 	<li>Choline 20.000 mg</li>
 	<li>Folic Acid 500 mg</li>
 	<li>Zinc 70.000 mg</li>
 	<li>Ferros 30.000 mg</li>
 	<li>Manganese 60.000 mg</li>
 	<li>Copper 5.000 mg</li>
 	<li>Iodida 200 mg</li>
 	<li>Selenium 200 mg</li>
 	<li>Cobalt 200 mg</li>
 	<li>Antioxidant, carrier 10 mg</li>
</ul>
<strong>ATURAN PAKAI dan DOSIS :</strong>

Unggas : 2,5 sampai 5 kg Masamix Bro dicampurkan 1 Ton Pakan.

Pengunaan sejak umur 10 Hari - panen.

<strong>KEMASAN :</strong> Sachet 1 kg (1 karung isi 25 sachet @1kg)",,Published,,0,"2026-07-02 17:26:02",1,open,TTS00140,,,no,no,,31510,,1000,7,29,16,,,instock,no,no,,no,taxable,,,,,,'-1,'-1,,,"http://localhost:8000/wp-content/uploads/2026/07/Masamix-Bro-1-Kg.png ! alt :  ! title : Masamix-Bro-1-Kg.png ! desc :  ! caption : ",,http://localhost:8000/product/masamix-bro-1-kg-vitamin-premix-cocok-untuk-pertumbuhan-nutrisi-ayam-pedaging-broiler/,0,,,simple,,"Premix Ternak",,,,,,,
"VGT NUTRISI TERNAK SAPI KAMBING 250 ML - Nutrisi Untuk Hewan Ternak Kambing dan Domba.",vgt-nutrisi-ternak-sapi-kambing-250-ml-nutrisi-untuk-hewan-ternak-kambing-dan-domba,,294,"<strong>VGT Kambing Domba 250 ml Original - VGT 250 ml Kambing Domba - VGT Domba - VGT Kambing</strong>

<strong>KEUNGGULAN :</strong>
<ul>
 	<li>Mempercepat pertumbuhan</li>
 	<li>Meningkatkan daya tahan tubuh terhadap penyakit</li>
 	<li>Meningkatkan performa reproduksi</li>
 	<li>Mencegah penyakit akibat defisiensi mineral maupun vitamin</li>
 	<li>Meningkatkan kualitas pakan</li>
 	<li>Mencegah kelumpuhan</li>
 	<li>Membuat bulu klimis</li>
 	<li>Mencegah dan mengobati diare</li>
</ul>
<strong>ATURAN PAKAI :</strong>

Campuran Minum

<strong>Kambing :</strong>

Mulai Umur 2 bulan : 1 tutup untuk 3-6 ekor, dicampur 2 liter air minum

<strong>Untuk Campuran Ke Pakan Cair/Liquid :</strong>

1 Tutup Botol di encerkan dgn 5-15ltr air. Kemudian Canpur rata dgn 15Kg pakan.

Pemakaian cukup 2 hari sekali

Nb. Tambahkan gula pasir 1 sendok teh setiap 2 liter air minum atau di 15kg pakan.",,Published,,0,"2026-07-02 17:26:24",1,open,TTS00141,,,no,no,,68500,,270,6,6,15,,,instock,no,no,,no,taxable,,,,,,'-1,'-1,,,"http://localhost:8000/wp-content/uploads/2026/07/Vgt-Nutrisi-Kambing-dan-Domba-250-ml.png ! alt :  ! title : Vgt-Nutrisi-Kambing-dan-Domba-250-ml.png ! desc :  ! caption : ",,http://localhost:8000/product/vgt-nutrisi-ternak-sapi-kambing-250-ml-nutrisi-untuk-hewan-ternak-kambing-dan-domba/,0,,,simple,,"Vitamin & Suplemen Ternak & Unggas",,,,,,,
"CLEAR WORM 10 ML - Atasi Permasalahan Cacingan Pada Kucing, Anjing, Hamster, Musang. DLL.",clear-worm-10-ml-atasi-permasalahan-cacingan-pada-kucing-anjing-hamster-musang-dll,,295,"<strong>KETERANGAN :</strong>

CLEAR WORM adalah obat cacing berspektrum luas,komposisi bahan baku dari obat cacing ini tepat untuk membasmi segala jenis cacing pada Kucing dan anjing.

<strong>INDIKASI :</strong>

Membasmi cacing gilig,cacing paru cacing pita dan cacing hati pada Kucing dan anjing.

<strong>DOSIS :</strong>

2 TETES PERHARI

1ml /10kg bobot badan.

KONTRA INDIKASI

Tidak dianjurkan atau diberikan pada hewan yang sedang bunting.",,Published,,0,"2026-07-02 17:26:24",1,open,TTS00142,,,no,no,,7000,,20,6,6,10,,,instock,no,no,,no,taxable,,,,,,'-1,'-1,,,"http://localhost:8000/wp-content/uploads/2026/07/Clear-Worm-_-10-ml.png ! alt :  ! title : Clear-Worm-_-10-ml.png ! desc :  ! caption : ",,http://localhost:8000/product/clear-worm-10-ml-atasi-permasalahan-cacingan-pada-kucing-anjing-hamster-musang-dll/,0,,,simple,,"Obat Anabul",,,,,,,
"PRO CATTLE PREMIX 1 KG BY VADCO - Premix Vitamin Mineral Untuk Sapi, Kambing, Pedaging Lainnya.",pro-cattle-premix-1-kg-by-vadco-premix-vitamin-mineral-untuk-sapi-kambing-pedaging-lainnya,,296,"<strong>PREMIX PRO CATTLE 1 Kg VADCO</strong>

<strong>FUNGSI</strong>
<ul>
 	<li>Meningkatkan produktivitas dan stamina sapi</li>
 	<li>Meningkatkan pertumbuhan berat badan</li>
 	<li>Meningkatkan efisiensi kebutuhan pakan</li>
 	<li>Mencegah defisiensi vitamin, mineral dan asam amino esensial sapi</li>
 	<li>Memperbaiki pencernaan dan metabolisme</li>
 	<li>Lebih tahan penyakit</li>
</ul>
<strong>KOMPOSISI</strong>

Ada di brosur

<strong>DOSIS</strong>
<ul>
 	<li>Sapi potong : 500 gr - 1 kg Pro Cattle untuk 1 ton pakan</li>
 	<li>Sapi perah : 500 gr Pro Cattle untuk 1 ton pakan</li>
 	<li>Kambing Domba : 10 gr Pro Cattle untuk 100 kg pakan</li>
</ul>
<strong>Selamat Belanja!</strong>",,Published,,0,"2026-07-02 17:26:25",1,open,TTS00146,,,no,no,,22700,,1000,10,22,11,,,instock,no,no,,no,taxable,,,,,,'-1,'-1,,,"http://localhost:8000/wp-content/uploads/2026/07/Procattle-Premix-1-Kg-_-Vadco.png ! alt :  ! title : Procattle-Premix-1-Kg-_-Vadco.png ! desc :  ! caption : ",,http://localhost:8000/product/pro-cattle-premix-1-kg-by-vadco-premix-vitamin-mineral-untuk-sapi-kambing-pedaging-lainnya/,0,,,simple,,"Premix Ternak",,,,,,,
"SORBITOL 1 LITER BY AJS AGRINUSA - Suplemen Penambah Energi Untuk DOC Unggas Lainnya.",sorbitol-1-liter-by-ajs-agrinusa-suplemen-penambah-energi-untuk-doc-unggas-lainnya,,297,"<strong>SORBITOL AYAM 1 Liter</strong>

Agar Ternak Unggas Berstamina, Energik Kuat dan Sehat.

Adalah suatu cairan bercitarasa manis sangat baik di manfaatkan/ di minumkan ke ternak :
<ul>
 	<li>DOC Broiler</li>
 	<li>DOD Bebek, entog</li>
 	<li>DOC Joper Ayam Kampung</li>
 	<li>Ayam Broiler</li>
 	<li>Ayam Petelur</li>
 	<li>Puyuh</li>
 	<li>Ayam Bangkok ( Aduan )</li>
</ul>
<strong>Manfaatnya adalah :</strong>
<ul>
 	<li>Penambah Energi, Stamina dan vitalitas dari Ternak Unggas</li>
 	<li>Untuk Ketahanan Tubuh tidak mudah lemes dan tidak mudah terserang penyakit</li>
 	<li>Mengurangi FCR</li>
 	<li>Menurunkan Angka Kematian pada ternak Unggas</li>
 	<li>Bisa di berikan pada anak unggas dan ternak unggas dewasa</li>
</ul>
<strong>Aturan Pakai :</strong>

Di campur dgn air minum dosis 1 ml per 1 liter, berikan rutin setiap harinya. Ternak jadi sehat dan lincah

<strong>Selamat Belanja!</strong>",,Published,,0,"2026-07-02 17:26:25",1,open,TTS00147,,,no,no,,54250,,1000,14,20,8,,,instock,no,no,,no,taxable,,,,,,'-1,'-1,,,"http://localhost:8000/wp-content/uploads/2026/07/Sorbitol-_-1-Liter-AJS.png ! alt :  ! title : Sorbitol-_-1-Liter-AJS.png ! desc :  ! caption : ",,http://localhost:8000/product/sorbitol-1-liter-by-ajs-agrinusa-suplemen-penambah-energi-untuk-doc-unggas-lainnya/,0,,,simple,,"Vitamin & Suplemen Ternak & Unggas",,,,,,,
"MINERAL UNGGUL KEMASAN 1 KG - Mineral Untuk Hewan Ternak.",mineral-unggul-kemasan-1-kg-mineral-untuk-hewan-ternak,,303,"<strong>Mineral unggul sapi perah yang berguna untuk:</strong>
<ul>
 	<li>Menambah nafsu makan dan mencegah kembung</li>
 	<li>Memperjelas tanda-tanda birahi</li>
 	<li>Mencegah gangguan reproduksi</li>
 	<li>Mencegah keguguran</li>
 	<li>Mencegah kelumpuhgan setelah melahirkan dan memudahkan lepasnya ari-ari</li>
 	<li>Meningkatkan produksi dan kualitas susu</li>
</ul>",,Published,,0,"2026-07-02 17:26:50",1,open,TTS00148,,,no,no,,9000,,1000,10,22,11,,,instock,no,no,,no,taxable,,,,,,'-1,'-1,,,"http://localhost:8000/wp-content/uploads/2026/07/Mineral-Unggul-Kemasan-1kg.png ! alt :  ! title : Mineral-Unggul-Kemasan-1kg.png ! desc :  ! caption : ",,http://localhost:8000/product/mineral-unggul-kemasan-1-kg-mineral-untuk-hewan-ternak/,0,,,simple,,"Premix Ternak",,,,,,,
"FLUKICIDE 12,5% ORAL 1 L BY SANBE - Atasi Cacingan Hewan Ternak Sapi, Kuda, Kambing, Kerbau.",flukicide-125-oral-1-l-by-sanbe-atasi-cacingan-hewan-ternak-sapi-kuda-kambing-kerbau,,304,"<strong>FLUKICIDE ORAL 12,5% 1 LITER</strong>

FLUKICIDE 12,5% merupakan antelmintik spektrum luas dan efektif terhadap telur maupun larva cacing gilig, cacing hati serta cacing pita

<strong>DOSIS &amp; CARA PEMAKAIAN :</strong>

Cacing gilig (nematoda) &amp; Cacing pita (cestoda)
<ul>
 	<li>Sapi : 6 ml/100 kg Berat Badan ( Diminumkan/Dicekok )</li>
 	<li>Kuda : 4 ml/100 kg Berat Badan ( Diminumkan/Dicekok )</li>
 	<li>Kambing/Domba : 2 ml/50 kg Berat Badan ( Diminumkan/Dicekok )</li>
 	<li>Unggas : 1 liter untuk 8.000-16.000 ekor ( berat badan @1,5 kg )</li>
</ul>
CACING HATI (TREMATODA)
<ul>
 	<li>Sapi : 8 ml/100 kg Berat Badan ( Diminumkan/Dicekok )</li>
 	<li>Kambing/Domba : 3 ml/50 kg Berat Badan ( Diminumkan/Dicekok )</li>
</ul>
<strong>Pengobatan Diulang 3-4 Bulan Kemudian.</strong>",,Published,,0,"2026-07-02 17:26:50",1,open,TTS00149,,,no,no,,471000,,1000,14,20,8,,,instock,no,no,,no,taxable,,,,,,'-1,'-1,,,"http://localhost:8000/wp-content/uploads/2026/07/Flukicide-Oral-125-1-Liter-_-Sanbe.png ! alt :  ! title : Flukicide-Oral-125-1-Liter-_-Sanbe.png ! desc :  ! caption : ",,http://localhost:8000/product/flukicide-125-oral-1-l-by-sanbe-atasi-cacingan-hewan-ternak-sapi-kuda-kambing-kerbau/,0,,,simple,,"Obat Ternak",,,,,,,
"MINERAL FEED SUPPLEMENT AYAM BY MEDION 1 KG - Untuk Ayam Petelur, Pedaging, DLL.",mineral-feed-supplement-ayam-by-medion-1-kg-untuk-ayam-petelur-pedaging-dll,,305,"<strong>MINERAL FEED SUPPLEMENT A (ayam) + itik</strong>

<strong>INDIKASI</strong>
<ul>
 	<li>Memperbaiki produksi telur dan meningkatkan mutu telur</li>
 	<li>Membantu pertumbuhan, terutama pertumbuhan tulang dan bulu yang normal</li>
 	<li>Mempertinggi daya tetas telur</li>
 	<li>Mencegah dan menyembuhkan penyakit karena kekurangan mineral seperti: lumpuh, kaki bengkok (perosis), kurang darah (anemia) dan lain-lain</li>
</ul>
<strong>ATURAN PAKAI</strong>

1 kg tiap 50 kg ransum, aduk sampai rata

<strong>PERHATIAN</strong>

Simpan di tempat yang kering dan tertutup rapat, terhindar dari sinar matahari langsung

<strong>Obat hanya untuk hewan!</strong>",,Published,,0,"2026-07-02 17:26:50",1,open,TTS00150,,,no,no,,10000,,1000,10,22,11,,,instock,no,no,,no,taxable,,,,,,'-1,'-1,,,"http://localhost:8000/wp-content/uploads/2026/07/Mineral-Ayam-1kg-_-Medion.png ! alt :  ! title : Mineral-Ayam-1kg-_-Medion.png ! desc :  ! caption : ",,http://localhost:8000/product/mineral-feed-supplement-ayam-by-medion-1-kg-untuk-ayam-petelur-pedaging-dll/,0,,,simple,,"Premix Unggas|Vitamin & Suplemen Ternak & Unggas",,,,,,,
"MINERAL FEED SUPPLEMENT AYAM 20 KG (1 ZAK) BY MEDION - Untuk Ayam Unggas Petelur Dan Pedaging",mineral-feed-supplement-ayam-20-kg-1-zak-by-medion-untuk-ayam-unggas-petelur-dan-pedaging,,306,"<strong>MINERAL FEED SUPPLEMENT A(ayam) + itik</strong>

<strong>INDIKASI</strong>
<ul>
 	<li>Memperbaiki produksi telur dan meningkatkan mutu telur</li>
 	<li>Membantu pertumbuhan, terutama pertumbuhan tulang dan bulu yang normal</li>
 	<li>Mempertinggi daya tetas telur</li>
 	<li>Mencegah dan menyembuhkan penyakit karena kekurangan mineral seperti: lumpuh, kaki bengkok (perosis), kurang darah (anemia) dan lain-lain</li>
</ul>
<strong>ATURAN PAKAI</strong>

1 kg tiap 50 kg ransum, aduk sampai rata

<strong>ISI</strong>

25 KG",,Published,,0,"2026-07-02 17:26:50",1,open,TTS00150X25,,,no,no,,228000,,1000,10,22,11,,,instock,no,no,,no,taxable,,,,,,'-1,'-1,,,"http://localhost:8000/wp-content/uploads/2026/07/Mineral-Ayam-20kg-_-Medion.png ! alt :  ! title : Mineral-Ayam-20kg-_-Medion.png ! desc :  ! caption : ",,http://localhost:8000/product/mineral-feed-supplement-ayam-20-kg-1-zak-by-medion-untuk-ayam-unggas-petelur-dan-pedaging/,0,,,simple,,"Premix Unggas|Vitamin & Suplemen Ternak & Unggas",,,,,,,
"ROXINE 100 ML - Mencegah infeksi Ternak Untuk Ayam, Sapi, Kambing, Domba, Kucing, Anjing, DLL.",roxine-100-ml-mencegah-infeksi-ternak-untuk-ayam-sapi-kambing-domba-kucing-anjing-dll,,307,"<strong>ROXINE 100 ML</strong>

<strong>DOSIS &amp; CARA PEMAKAIAN :</strong>
<ul>
 	<li>Sapi/Kerbau : 5 ml / 200 kgBB (Injeksi Intramuskular / Subcutan)</li>
 	<li>Domba/Kambing : 0,75 ml / 30 kgBB (Injeksi Intramuskular / Subcutan)</li>
 	<li>Babi : 1,25 ml / 50 kgBB (Injeksi Intramuskular)</li>
 	<li>Anjing/Kucing : 0,1 ml / 4 kgBB (Injeksi Intramuskular)</li>
 	<li>Unggas : 0,1 ml / 1 kgBB (Injeksi Intramuskular)</li>
 	<li>Diberikan selama 3-5 hari berturut-turut</li>
 	<li>Dosis umum : 1 ml / 40 kgBB</li>
 	<li>Pada kasus Salmonellosis : 1 ml / 20 kgBB</li>
</ul>
<strong>KEMASAN :</strong>

100 ml",,Published,,0,"2026-07-02 17:26:51",1,open,TTS00152,,,no,no,,93151,,250,6,12,6,,,instock,no,no,,no,taxable,,,,,,'-1,'-1,,,"http://localhost:8000/wp-content/uploads/2026/07/Roxine-Inj-100-ml-_-Sanbe.png ! alt :  ! title : Roxine-Inj-100-ml-_-Sanbe.png ! desc :  ! caption : ",,http://localhost:8000/product/roxine-100-ml-mencegah-infeksi-ternak-untuk-ayam-sapi-kambing-domba-kucing-anjing-dll/,0,,,simple,,"Obat Ternak",,,,,,,
"ECER FLUKICIDE BY SANBE 1 BOLUS - Mencegah Cacingan Untuk Hewan Ternak.",ecer-flukicide-by-sanbe-1-bolus-mencegah-cacingan-untuk-hewan-ternak,,314,"<strong>FLUKICIDE BOLUS</strong>

Harga di atas adalah harga 1 bolus

Flukicide Bolus diindikasikan untuk memberantas infestasi cacing pada sapi, domba, kambing, kuda dan ternak besar lainnya.

<strong>DOSIS &amp; CARA PEMAKAIAN :</strong>

Diberikan secara oral, dosis terlampir pada kemasan

<strong>PERHATIAN :</strong>
<ul>
 	<li>Jangan diberikan selama 45 hari pertama kebuntingan pada sapi dan 30 hari pertama kebuntingan pada domba atau kambing.</li>
 	<li>Pemotongan hewan dapat dilakukan 14 hari pada sapi dan 10 hari pada domba, setelah pemberian obat dihentikan.</li>
</ul>
<strong>ISI :</strong> 1 bolus",,Published,,0,"2026-07-02 17:27:25",1,open,TTS00153,,,no,no,,13000,,100,3,7,2,,,instock,no,no,,no,taxable,,,,,,'-1,'-1,,,"http://localhost:8000/wp-content/uploads/2026/07/Flukicide-Harga-Ecer-1-Bolus-_-Sanbe.png ! alt :  ! title : Flukicide-Harga-Ecer-1-Bolus-_-Sanbe.png ! desc :  ! caption : ",,http://localhost:8000/product/ecer-flukicide-by-sanbe-1-bolus-mencegah-cacingan-untuk-hewan-ternak/,0,,,simple,,"Obat Ternak",,,,,,,
"MINERAL BLOK HIMALAYA KRP 500 GRAM - Mineral Blok Domba, Sapi, Kuda, Kelinci, DLL.",mineral-blok-himalaya-krp-500-gram-mineral-blok-domba-sapi-kuda-kelinci-dll,,315,"<strong>MINERAL BLOK HIMALAYA KRP 500 GRAM</strong>

Mineral Blok Himalaya (Warna Pink Muda) (Tanpa Pewarna) (Warnanya Alami dari Garam Himalaya) untuk ternak Kambing, Domba, Sapi, Kerbau, Rusa, Kuda, Kelinci.

Mineral Blok Himalaya mengandung 84 element Mineral Alami (Mn, Se, Co, i, Na, Cl, F, Fe, Mg, Zn, S, K, Ca, P, dan lain lainnya) dan juga kami tambahkan Vitamin khusus ternak yang cocok untuk ternak para Sedulur.

<strong>Fungsi Mineral Blok Himalaya</strong>
<ul>
 	<li>Untuk mengatasi kekurangan Mineral pada hewan, meningkatkan produksi susu</li>
 	<li>Meningkatkan ratio pakan, mengurangi stress pada ternak</li>
 	<li>Membantu pertumbuhan ternak, Meningkatkan PH pada Rumen</li>
 	<li>Meningkatkan daya tahan tubuh</li>
 	<li>Meningkatkan metabolisme badan ternak, dll.</li>
</ul>
Mineral Blok Himalaya berat sebelum packing kisaran 450gram-550gram (membeli artinya setuju, maaf tidak menerima komplaint).

Mineral Blok Himalaya menggunakan Garam Himalaya Food Grade yang dijamin Aman untuk Semua jenis hewan dan semua kondisi serta Aman untuk semua usia ternak Anda.",,Published,,0,"2026-07-02 17:27:26",1,open,TTS00154,,,no,no,,14500,,500,10,10,5,,,instock,no,no,,no,taxable,,,,,,'-1,'-1,,,"http://localhost:8000/wp-content/uploads/2026/07/Mineral-Blok-Himalaya-KRP-500-Gram.png ! alt :  ! title : Mineral-Blok-Himalaya-KRP-500-Gram.png ! desc :  ! caption : ",,http://localhost:8000/product/mineral-blok-himalaya-krp-500-gram-mineral-blok-domba-sapi-kuda-kelinci-dll/,0,,,simple,,"Mineral Blok",,,,,,,
"KAPORIT TABLET 1 KG - TC.CA 90% Tablet Besar, Menjernihkan Air Untuk Kolam Dll.",kaporit-tablet-1-kg-tc-ca-90-tablet-besar-menjernihkan-air-untuk-kolam-dll,,316,"<strong>Kaporit Tablet</strong>

<strong>Fungsi :</strong>
<ul>
 	<li>Menjernihkan air</li>
 	<li>Membunuh kuman dan bakteri dalam air</li>
 	<li>Cocok untuk kolam renang, penampungan air, limbah</li>
</ul>
<strong>Dosis yg disarankan untuk kolam renang :</strong>

1 Tablet ( 200 gr) untuk 10 m3",,Published,,0,"2026-07-02 17:27:26",1,open,TTS00155,,,no,no,,40000,,1000,9,14,9,,,instock,no,no,,no,taxable,,,,,,'-1,'-1,,,"http://localhost:8000/wp-content/uploads/2026/07/Kaporit-Tablet-Besar-1-Kg.png ! alt :  ! title : Kaporit-Tablet-Besar-1-Kg.png ! desc :  ! caption : ",,http://localhost:8000/product/kaporit-tablet-1-kg-tc-ca-90-tablet-besar-menjernihkan-air-untuk-kolam-dll/,0,,,simple,,"Desinfektan & Antiseptik",,,,,,,
"KAPORIT TABLET 1 DRUM BERAT 50 KG - Menjernihkan Air Kolam.",kaporit-tablet-1-drum-berat-50-kg-menjernihkan-air-kolam,,317,"<strong>Kaporit Tablet</strong>

<strong>Fungsi :</strong>
<ul>
 	<li>Menjernihkan air</li>
 	<li>Membunuh kuman dan bakteri dalam air</li>
 	<li>Cocok untuk kolam renang, penampungan air, limbah</li>
</ul>
<strong>Dosis yg disarankan untuk kolam renang :</strong>

1 Tablet ( 200 gr) untuk 10 m3",,Published,,0,"2026-07-02 17:27:26",1,open,TTS00155X50,,,no,no,,1977000,,50000,31,35,58,,,instock,no,no,,no,taxable,,,,,,'-1,'-1,,,"http://localhost:8000/wp-content/uploads/2026/07/Kaporit-Tablet-Besar-50-Kg.png ! alt :  ! title : Kaporit-Tablet-Besar-50-Kg.png ! desc :  ! caption : ",,http://localhost:8000/product/kaporit-tablet-1-drum-berat-50-kg-menjernihkan-air-kolam/,0,,,simple,,"Desinfektan & Antiseptik",,,,,,,
"AGITA 1 WP 100 GRAM - Racun Lalat Hijau Dan Lalat Rumahan Di Rumah, Hotel, Restoran, Peternakan, Dll",agita-1-wp-100-gram-racun-lalat-hijau-dan-lalat-rumahan-di-rumah-hotel-restoran-peternakan-dll,,318,"<strong>AGITA 1 WP</strong>

Adalah racun berupa butiran granul yang bisa digunakan dalam program integrated pest kontrol, dapat tahan lebih lama dan lingkungan tetap bersih

<strong>Cara pemakaian:</strong>
<ul>
 	<li>Ditabur dalam nampan, plastik kemudian diletakan ditempat tempat yang banyak dihinggapi lalat</li>
 	<li>Dicampur air sampai mengental lalu oleskan ditempat lalat</li>
 	<li>Campurkan dengan makanan yang disukai lalat kentalkan selanjutkan oleskan kepermukaan yang sering dikerumuni</li>
</ul>
<strong>Memeliki beberapa keunggulan dalam membunuh lalat:</strong>
<ul>
 	<li>Mengandung zat pemahit yang mencegah untuk termakan secara tidak sengaja.</li>
 	<li>Bekerja dengan daya bunuh yang cepat terhadap lalat (knock down tinggi)</li>
 	<li>Toksisitas sangat rendah, sehingga tidak ada efek samping yang merugikan.</li>
 	<li>Berdaya tahan lama efektif 5-8 minggu</li>
</ul>
Perbedaan Agita 1 wp dengan agita 10wg adalah di zat aktifnya.

Pemakaian campur sedikit air dan taruh ditempat yang banyak lalat",,Published,,0,"2026-07-02 17:27:27",1,open,TTS00156,,,no,no,,39900,,100,5,5,10,,,outofstock,no,no,,no,taxable,,,,,,'-1,'-1,,,"http://localhost:8000/wp-content/uploads/2026/07/Agita-1-Wp-100-Gram.png ! alt :  ! title : Agita-1-Wp-100-Gram.png ! desc :  ! caption : ",,http://localhost:8000/product/agita-1-wp-100-gram-racun-lalat-hijau-dan-lalat-rumahan-di-rumah-hotel-restoran-peternakan-dll/,0,,,simple,outofstock,"Obat Lalat dan Kutu Ternak",,,,,,,
"INTERFLOX ORAL 100 ML - Menyembuhkan Flu, Diare Untuk Hewan Ternak, Unggas Dan Peliharaan.",interflox-oral-100-ml-menyembuhkan-flu-diare-untuk-hewan-ternak-unggas-dan-peliharaan,,319,"<strong>INTERFLOX ORAL</strong>

Mengobati Infeksi Saluran Pernafasan dan Pencernaan Hewan

Enro dalam Interflox termasuk quinolon generasi terakhir, bersifat bakterisidal, bekerja langsung pada inti sel bakteri, dengan cara menghambat kerja enzym DNA-gyrase yang berakhir dengan kematian bakteri.

Sangat efektif membunuh Mycoplasma spp., bakteri gram negatif E. coli, Haemophilus, Pasteurella, Salmonella dan Campylobacter spp. pada sapi, kambing, babi, ayam, kelinci dan hewan lainnya

<strong>KOMPOSISI</strong>

Tiap ml Interflox Oral mengandung : 100 mg Enro

<strong>INDIKASI</strong>

Pengobatan infeksi saluran pencernaan, pernafasan dan perkencingan yang disebabkan oleh Mycoplasma, bakteri E. coli, Haemophilus, Pasteurella, Salmonella dan Campylobacter spp.

<strong>DOSIS &amp; CARA PEMAKAIAN</strong>
<ul>
 	<li>Sapi : 10 ml per 100 kg BB (dua kali sehari)</li>
 	<li>Kambing Domba : 1 ml per 1 liter air</li>
 	<li>Babi : 1 ml per 1 liter air</li>
 	<li>Ayam : 1 ml per 1-2 liter air</li>
 	<li>Anjing, kucing, Kelinci : 1 ml Campur 500 ml air minum</li>
</ul>
Pemakaian selama 3 - 5 hari berturut-turut.

<strong>Kemasan</strong>

Vial 100 ml",,Published,,0,"2026-07-02 17:27:28",1,open,TTS00163,,,no,no,,48000,,250,6,13,5,,,instock,no,no,,no,taxable,,,,,,'-1,'-1,,,"http://localhost:8000/wp-content/uploads/2026/07/Interflox-Oral-100-ml.png ! alt :  ! title : Interflox-Oral-100-ml.png ! desc :  ! caption : ",,http://localhost:8000/product/interflox-oral-100-ml-menyembuhkan-flu-diare-untuk-hewan-ternak-unggas-dan-peliharaan/,0,,,simple,,"Obat Ternak",,,,,,,
"CIL SALEP 18 GRAM BY MEDION - Salep Cacar, Infeksi Luka, Sorehock Untuk Kelinci, Kucing, Ayam.",cil-salep-18-gram-by-medion-salep-cacar-infeksi-luka-sorehock-untuk-kelinci-kucing-ayam,,324,"<strong>CIL 18 GRAM</strong>

Obat salep oles untuk cacar, infeksi dan luka.

<strong>lNDlKASl :</strong>

+ Antiseptik, mengobati cacar, infeksi dan luka

<strong>ATURAN PAKAI dan DOSIS :</strong>

Oleskan pada bagian yang luka

<strong>PERHATIAN :</strong>

+ Simpan obat di tempat yang kering dan tertutup rapat, terhindar dari sinar matahari langsung

+ Obat hanya untuk hewan

<strong>KEMASAN :</strong> 18 Gram",,Published,,0,"2026-07-02 17:27:53",1,open,TTS00167,,,no,no,,8250,,25,4,12,5,,,instock,no,no,,no,taxable,,,,,,'-1,'-1,,,"http://localhost:8000/wp-content/uploads/2026/07/Cil-Salep-18-Gram-Medion.png ! alt :  ! title : Cil-Salep-18-Gram-Medion.png ! desc :  ! caption : ",,http://localhost:8000/product/cil-salep-18-gram-by-medion-salep-cacar-infeksi-luka-sorehock-untuk-kelinci-kucing-ayam/,0,,,simple,,"Desinfektan & Antiseptik",,,,,,,
"NECK TAG 1 PCS - Kalung Penanda Untuk Hewan Ternak Kambing, Domba, Sapi, Dll.",neck-tag-1-pcs-kalung-penanda-untuk-hewan-ternak-kambing-domba-sapi-dll,,325,"<strong>Neck Tag Kalung Ternak</strong>

Harga untuk 1 pcs

Minimal order 3 pcs ya kakak :D, pembelian di bawah itu tidak akan kami proses. Terima Kasih

<strong>Ukuran :</strong> 8 x 6 cm

<strong>Diameter lubang :</strong> 2,5 cm

Neck Tag merupakan kalung ternak untuk identifikasi hewan ternak, cukup ditulis dengan spidol permanent papan tulis, tidak perlu menggunakan spidol khusus, terbuat dari bahan yang berkualitas, tidak mudah rusak dan tahan terhadap cuaca.

<strong>Selamat Belanja!</strong>",,Published,,0,"2026-07-02 17:27:53",1,open,TTS00168,,,no,no,,3500,,30,1,4,2,,,instock,no,no,,no,taxable,,,,,,'-1,'-1,,,"http://localhost:8000/wp-content/uploads/2026/07/Neck-Tag-1-pcs.png ! alt :  ! title : Neck-Tag-1-pcs.png ! desc :  ! caption : ",,http://localhost:8000/product/neck-tag-1-pcs-kalung-penanda-untuk-hewan-ternak-kambing-domba-sapi-dll/,0,,,simple,,"Perlengakapan Ternak",,,,,,,
"FLUDOXIN 125 ML - Atasi Flu, Batuk, Pilek Untuk Sapi, Kuda, Kambing, Dan Hewan Ternak Lainnya.",fludoxin-125-ml-atasi-flu-batuk-pilek-untuk-sapi-kuda-kambing-dan-hewan-ternak-lainnya,,326,"<strong>FLUDOXIN 125 ML</strong>

Fludoxin 125 ML Untuk flu, batuk, pilek, yang diformulasikan khusus untuk sapi, kerbau, kuda, kambing, domba, babi, yang sudah teruji dan terbukti efektivitasnya.

<strong>Indikasi :</strong>
<ul>
 	<li>Meredakan Flu, Batuk, Pilek</li>
 	<li>Meningkatkan daya tahan tubuh</li>
 	<li>Menambah energi spontan</li>
</ul>
<strong>Dosis dan aturan pakai:</strong>
<ul>
 	<li>Sapi dewasa: 1- 2 botol</li>
 	<li>Anakan sapi: 1/2 - 1 botol</li>
 	<li>Kambing dewasa: 1/2 botol</li>
 	<li>Anakan kambing: 1/4 botol</li>
</ul>
Diberikan selama 3-5 hari berturut-turut dalam sehari cukup 1 kali minum. Suapkan secara langsung

<strong>BERAT</strong>

125 ML",,Published,,0,"2026-07-02 17:27:54",1,open,TTS00169,,,no,no,,25000,,300,6,13,6,,,instock,no,no,,no,taxable,,,,,,'-1,'-1,,,"http://localhost:8000/wp-content/uploads/2026/07/Fludoxin-125-ml.png ! alt :  ! title : Fludoxin-125-ml.png ! desc :  ! caption : ",,http://localhost:8000/product/fludoxin-125-ml-atasi-flu-batuk-pilek-untuk-sapi-kuda-kambing-dan-hewan-ternak-lainnya/,0,,,simple,,"Obat Ternak",,,,,,,
"JARUM HEWAN 1 PCS UK 16 G X 30 - Jarum Suntik Hewan Sapi, Kerbau Dll.",jarum-hewan-1-pcs-uk-16-g-x-30-jarum-suntik-hewan-sapi-kerbau-dll,,327,"<strong>JARUM HEWAN 1 PCS 16G X 30</strong>

<strong>Jarum / Needle Hewan</strong>

Merk KRUUSE adalah Perusahaan International specialis animal care dengan jalur distribusi 100 negara.

Produk sangat berkualitas tinggi dengan akurasi dan material terbaik dikelasnya.",,Published,,0,"2026-07-02 17:27:54",1,open,TTS00170,,,no,no,,7000,,100,3,7,2,,,instock,no,no,,no,taxable,,,,,,'-1,'-1,,,"http://localhost:8000/wp-content/uploads/2026/07/Jarum-Hewan-1-Pcs-16g-X-30.png ! alt :  ! title : Jarum-Hewan-1-Pcs-16g-X-30.png ! desc :  ! caption : ",,http://localhost:8000/product/jarum-hewan-1-pcs-uk-16-g-x-30-jarum-suntik-hewan-sapi-kerbau-dll/,0,,,simple,,"Perlengakapan Ternak",,,,,,,
"MASTER BLOCK 500 GRAM - Mineral Block Spesial Untuk Ternak Kambing, Domba, Sapi, Dll.",master-block-500-gram-mineral-block-spesial-untuk-ternak-kambing-domba-sapi-dll,,333,"<strong>Master block</strong> spesial susu netto 500 gram untuk ternak sapi kambing dan domba

Master Blok Susu merupakan premix yang berbentuk blok yang terdiri dari berbagai mikro nutrisi penting untuk memaksimalkan produktivitas Ternak

<strong>Manfaat dari Master Blok Susu</strong>

1. Meningkatkan Nafsu Makan Ternak

2. Meningkatkan Fertilitas dan Pencegahan gangguan Reproduksi

3. Meningkatkan Produksi Susu

4. Meningkatkan Daya Tahan Tubuh

5. Mencegah Kelumpuhan

<strong>Dapatkan Master Block Susu sekarang juga!</strong>",,Published,,0,"2026-07-02 17:28:26",1,open,TTS00173,,,no,no,,13500,,650,10,10,5,,,instock,no,no,,no,taxable,,,,,,'-1,'-1,,,"http://localhost:8000/wp-content/uploads/2026/07/Master-Block-500-Gram.png ! alt :  ! title : Master-Block-500-Gram.png ! desc :  ! caption : ",,http://localhost:8000/product/master-block-500-gram-mineral-block-spesial-untuk-ternak-kambing-domba-sapi-dll/,0,,,simple,,"Mineral Blok",,,,,,,
"ENZAPROST 10 ML HORMON PGF2a - Sinkronisasi Pengobatan Dll Untuk Ternak.",enzaprost-10-ml-hormon-pgf2a-sinkronisasi-pengobatan-dll-untuk-ternak,,334,"<strong>KOMPOSISI</strong>
<ul>
 	<li>Dinoprost ...5 mg</li>
 	<li>Bahan tambahan...1 ml</li>
</ul>
<strong>INDIKASI</strong>

Enzaprost T diindikasikan untuk efek luteolitik pada sapi dan babi.

<strong>Indikasi untuk digunakan pada:</strong>

<strong>Sapi:</strong> sapi betina dan dara

<strong>Efek luteolitik Enzaprost T untuk keperluan teraputik adalah sebagai berikut:</strong>
<ul>
 	<li>Sinkronisasi estrus.</li>
 	<li>Pengobatan sub estrus atau birahi semu, pada sapi yang memiliki korpus Iuteum fungsional, tapi tidak menunjukkan gejala birahi.</li>
 	<li>Induksi aborsi hingga umur kebuntingan 120 hari.</li>
 	<li>Induksi kelahiran</li>
 	<li>Membantu pengobatan metritis kronis atau pyometra di mana terjadi korpus luteum fungsional atau persisten.</li>
</ul>
<strong>Babi:</strong> babi dan babi dara

Induksi kelahiran dari umur kebuntingan 111 hari.

<strong>Penggunaan post partus: mengurangi lama waktu interval penyapihan ke birahi</strong>
<ol>
 	<li>(WOl) dan lama waktu interval penyapihan ke masa Subur (VVFS) pada babi dengan masalah pasca melahirkan seperti pemberian dinoprost 25 mg, yaitu 5 ml Enzaprost per hewan, diulang, jika perlu setelah 11 (10-12) hari. Hewan dterapi selama diestrus biasanya akan kembali estrus dan ovulasi dalam waktu 2 - 4 hari setelah diterapi Hewan yang diterapi dengan Enzaprost"" dapat kawin secara alami, inseminasi buatan dengan deteksi estrus atau waktu yang tepat untuk inseminasi (72 dan 96 jam setelah injeksi kedua yang biasa direkomendasiIkan).</li>
 	<li>Terapi sub estrus atau birahi semu pada sapi yang mempunyai korpus luteum fungsional, tetapi tidak menunjukkan gejala birahi. Pemberan dinoprost 25 mg, yaitu 5 ml Enzaprost per hewan diulang, jika perlu setelah (10-12) hari.</li>
 	<li>Induksi aborsi hingga umur kebuntingan 120 hari. Pemberian dinoprost 25 mg, yaitu 5 ml Enzaprost per hewan. Enzaprost T dapat digunakan untuk mengakhiri kebuntingan pada sapi hingga umur 120 hari kebuntingan melalui efek luteolitiknya.</li>
 	<li>Induksi kelahiran. Pemberian dinoprost 25 mg, yaitu 5 ml Enzaprost"" T per hewan pada atau setelah umur kebuntingan 270 hari. Interval dari pemberian hingga melahirkan 1 hingga 8 hari (rata-rata 3 hari)</li>
 	<li>Untuk membantu terapi metritis kronis atau pyometra di mana terjadi korpus luteum fungsional atau persisten. Pemberian dinoprost 25 mg, yaitu 5 ml Enzaprost T per hewan, diulang jika perlu setelah (10-12) hari.</li>
</ol>",,Published,,0,"2026-07-02 17:28:26",1,open,TTS00174,,,no,no,,206000,,200,3,3,5,,,outofstock,no,no,,no,taxable,,,,,,'-1,'-1,,,"http://localhost:8000/wp-content/uploads/2026/07/Enzaprost-10-ml-_-Ceva.png ! alt :  ! title : Enzaprost-10-ml-_-Ceva.png ! desc :  ! caption : ",,http://localhost:8000/product/enzaprost-10-ml-hormon-pgf2a-sinkronisasi-pengobatan-dll-untuk-ternak/,0,,,simple,outofstock,"Hormon Ternak",,,,,,,
"KIT MILK 250 GRAM - Susu Kucing Dan Segala Hewan Peliharaan Untuk Segala Umur.",kit-milk-250-gram-susu-kucing-dan-segala-hewan-peliharaan-untuk-segala-umur,,335,"<strong>KITMILK 250 GRAM</strong>

FORMULA UNTUK KUCING DAN ANJING

<strong>INDIKASI:</strong>
<ul>
 	<li>Menambah berat badan</li>
 	<li>Membantu meningkatkan daya tahan tubuh</li>
 	<li>Menambah nafsu makan</li>
 	<li>Pemulihan dan pemeliharaan kesehatan</li>
 	<li>Mencegah stress</li>
</ul>
<strong>Baik digunakan:</strong>
<ul>
 	<li>Untuk hewan disegala usia ( terutama baru lahir )</li>
 	<li>Untuk pemeliharaan dan stamina</li>
</ul>
Kemasan 250 gr",,Published,,0,"2026-07-02 17:28:27",1,open,TTS00175,,,no,no,,12500,,250,7,18,6,,,instock,no,no,,no,taxable,,,,,,'-1,'-1,,,"http://localhost:8000/wp-content/uploads/2026/07/Kit-Milk-250-Gram.png ! alt :  ! title : Kit-Milk-250-Gram.png ! desc :  ! caption : ",,http://localhost:8000/product/kit-milk-250-gram-susu-kucing-dan-segala-hewan-peliharaan-untuk-segala-umur/,0,,,simple,,"Susu Anabul",,,,,,,
"NYEOR EJUH - Jamu Untuk Sapi dan Kambing Beli 3 Gratis 1 Ekstrak Gula Asli.",nyeor-ejuh-jamu-untuk-sapi-dan-kambing-beli-3-gratis-1-ekstrak-gula-asli,,336,"<strong>JAMU NYEOR EJUH ORIGINAL ASLI BUKAN KW</strong>

Untuk Sapi,kerbau,kambing,domba,dan kuda

PENGIRIMAN SETIAP HARI TANPA LIBUR

PROMO BELI 3 GRATIS 1 BUNGKUS EXSTRA KELAPA

Distributor pertama dan pengiriman langsung dari gudang sehingga kualitas lebih baik

Jamu sapi alami josss tanpa efek samping terbuat dari bahan dan rempah alami dan jamu ini tidak bau pasti sapi mau

<strong>(FUNGSI DAN KHASIAT) :</strong>
<ul>
 	<li>Nafsu makan tinggi (semua rumput di makan)</li>
 	<li>Gemuk</li>
 	<li>Bulu bagus dan halus</li>
 	<li>Kotoran kecil (tidak mencret)</li>
 	<li>Tidak cacingan</li>
 	<li>Air susu deras</li>
 	<li>Nambah Nutrisi</li>
 	<li>Terhindar dari penyakit</li>
 	<li>Membantu pertumbuhan dg baik</li>
 	<li>Untuk indukan bagus supaya pedet sehat dan pertumbuhannya cepat</li>
</ul>
<strong>(CARA PAKAI) :</strong>
<ul>
 	<li>Campurkan langsung ke air minumnya</li>
 	<li>Bisa di Campurkan dengan comboran</li>
 	<li>Bisa di beri garam agar sapi tambah doyan</li>
 	<li>Campur gula merah lebih bagus</li>
 	<li>Usahakan pemakain rutin setiap hari 1X</li>
</ul>
<strong>(TAKARAN/DOSIS) :</strong>

1 . Sapi dewasa jantan maupun betina 1 bungkus dijadikan 10x minum ( 6-7 sendok makan)

2. Sapi pedet atau anakan 1 bungkus dijadikan 15-20x minum ( 3 sendok makan )

3. Untuk sapi sedang 1 bungkus dijadikan 10-15x minum ( 4-5 sendok makan )

4. Untuk sapi hamil muda 1- 2 bulan maka 1 bungkus di jadikan 20x minum ( 2-3 sendok makan )

5. Sapi hamil tua atau hampir melahirkan 1 bungkus jamu dijadikan 10x ( 6-7 sendok makan ) agar air susu sapi deras dan pedet sehat

6. Untuk kambing 1 bungkus dijadikan 20x ( 2-3 makan )

7. Untuk kambing 1 bks jdikn 20x minum

<strong>Keunggulan beli di toko kami :</strong>

1. produk original (asli)

2. pengiriman cepat

3. pengiriman tanpa libur

4. pesan hari ini di kirim hari ini juga

5. stok ready semua

6. barang langsung dari gudang

7. dapat bonus

8. fast respon

9. pilihan jasa kirim tergantung kemauan pembeli

<strong>Di produksi oleh :</strong>

PJ.LARIS MANIS SUBUR MAKMUR ABADI",,Published,,0,"2026-07-02 17:28:27",1,open,TTS00176,,,no,no,,35000,,1000,10,17,8,,,outofstock,no,no,,no,taxable,,,,,,'-1,'-1,,,"http://localhost:8000/wp-content/uploads/2026/07/Jamu-Sapi-Dan-Kambing-Nyeor-Ejuh.png ! alt :  ! title : Jamu-Sapi-Dan-Kambing-Nyeor-Ejuh.png ! desc :  ! caption : ",,http://localhost:8000/product/nyeor-ejuh-jamu-untuk-sapi-dan-kambing-beli-3-gratis-1-ekstrak-gula-asli/,0,,,simple,outofstock,"Jamu Ternak",,,,,,,
"MIX MASTER LQ PREMIX LAYER - Premix Cair Multivitamin dan Mineral Lengkap Untuk Ayam Petelur, Layer.",mix-master-lq-premix-layer-premix-cair-multivitamin-dan-mineral-lengkap-untuk-ayam-petelur-layer,,337,"<strong>MIX MASTER PREMIX LQ LAYER</strong>

Premix cair yang mengandung multivitamin dan mineral yang bermanfaat sebagai Feed Suplemen untuk Ayam Layer (Petelur).

<strong>INDIKASI:</strong>

1. Meningkatkan produksi telur.

2. Meningkatkan berat telur.

3. Kerabang lebih tebal dan cokelat.

4. Memperbaiki kualitas pakan.

5. Mengeringkan dan mengurangi bau kotoran.

<strong>DOSIS:</strong>

1ml setiap 4-6 liter air minum.

<strong>KEMASAN</strong>: 1 liter.",,Published,,0,"2026-07-02 17:28:27",1,open,TTS00177,,,no,no,,280000,,1200,9,9,23,,,instock,no,no,,no,taxable,,,,,,'-1,'-1,,,"http://localhost:8000/wp-content/uploads/2026/07/Mix-Master-LQ-Layer-1-L-_-CTSI.png ! alt :  ! title : Mix-Master-LQ-Layer-1-L-_-CTSI.png ! desc :  ! caption : ",,http://localhost:8000/product/mix-master-lq-premix-layer-premix-cair-multivitamin-dan-mineral-lengkap-untuk-ayam-petelur-layer/,0,,,simple,,"Premix Unggas",,,,,,,
"Dexapros Inj 100 ml / Vadco",dexapros-inj-100-ml-vadco,,343,"<strong>DEXAPROS INJ 100 ML</strong>

<strong>INDIKASI:</strong>

Sebagai anti inflamasi pada sapi, domba, kambing, pedet, babi, anjing dan kucing.

<strong>DOSIS DAN CARA PEMAKAIAN:</strong>
<ul>
 	<li>Sapi : 5 - 15 ml</li>
 	<li>Domba, kambing, Pedet, dan Babi : 1 - 2.5 ml</li>
 	<li>Anjing : 0,25 - 1 ml</li>
 	<li>Kucing : 0,25 ml</li>
</ul>",,Published,,0,"2026-07-02 17:28:50",1,open,TTS00178,,,no,no,,85000,,250,6,12,6,,,outofstock,no,no,,no,taxable,,,,,,'-1,'-1,,,"http://localhost:8000/wp-content/uploads/2026/07/Dexapros-Inj-100-ml-_-Vadco.png ! alt :  ! title : Dexapros-Inj-100-ml-_-Vadco.png ! desc :  ! caption : ",,http://localhost:8000/product/dexapros-inj-100-ml-vadco/,0,,,simple,outofstock,"Antibiotik & Anti Inflamasi",,,,,,,
"IMIDOX 120 BY AGROVET - Antiprotozoal Hematicide Agent Untuk Hewan Ternak.",imidox-120-by-agrovet-antiprotozoal-hematicide-agent-untuk-hewan-ternak,,344,"<strong>IMIDOX 120 20 ML</strong>

<strong>DOSIS</strong>

<strong>Piroplasmosis:</strong>
<ul>
 	<li>Sapi, Domba dan Kambing : 1 ml/100 kg</li>
 	<li>Kuda : 2 mL/100 kg</li>
 	<li>Anjing dan Kucing : 0,25 mL/10 kg.</li>
</ul>
<strong>Anaplasmosis dan piroanaplasmosis:</strong>
<ul>
 	<li>Sapi, domba dan kambing : 2,5 mL/100 kg</li>
</ul>
<strong>Ehrlichiosis:</strong>
<ul>
 	<li>Anjing : 0,5 mL/10 kg bb</li>
</ul>
<strong>Cytau.xzoonosis:</strong>
<ul>
 	<li>Kucing : 0,2 mL/10 kg bb</li>
</ul>
Terapkan melalui rute intramuskular pada kuda, dan sebaiknya subkutan di daerah punggung sapi, domba, kambing, anjing dan kucing.",,Published,,0,"2026-07-02 17:28:50",1,open,TTS00179,,,no,no,,292000,,85,5,9,5,,,instock,no,no,,no,taxable,,,,,,'-1,'-1,,,"http://localhost:8000/wp-content/uploads/2026/07/Imidox-120-_-Agrovet.png ! alt :  ! title : Imidox-120-_-Agrovet.png ! desc :  ! caption : ",,http://localhost:8000/product/imidox-120-by-agrovet-antiprotozoal-hematicide-agent-untuk-hewan-ternak/,0,,,simple,,"Obat Ternak",,,,,,,
"ALAT SUNTIK OTOMATIS 2 ML BAHAN STAINLIS - Alat Suntik Vaksin Otomatis Untuk Unggas, DLL.",alat-suntik-otomatis-2-ml-bahan-stainlis-alat-suntik-vaksin-otomatis-untuk-unggas-dll,,345,"<strong>Keunggulan Produk:</strong>
<ul>
 	<li>Bisa melakukan suntikan kepada ternak berulang kali tanpa berhenti karena ada selang yang bisa disambungkan langsung ke obat vaksin sehingga anda tidak perlu mengisi obat berulang kali.</li>
 	<li>Volume suntikan bisa di stel sesuai dengan kebutuhan (0.2ml - 2ml per Suntikan)</li>
 	<li>Terbuat dari aluminium yang alat ini tidak akan berkarat dan awet dipakai.</li>
</ul>
<strong>Spesifikasi Produk:</strong>

<strong>Nama Produk:</strong> Alat Suntik Injeksi Vaksin Otomatis Kontinyu Hewan Ternak Ayam Petelur Broiler/Babi/Sapi

<strong>Bahan:</strong> Pegangan Nilon + Body Aluminium

Cocok untuk Vaksin Ayam / Bebek / Angsa",,Published,,0,"2026-07-02 17:28:50",1,open,TTS00183,,,no,no,,151000,,200,12,21,6,,,outofstock,no,no,,no,taxable,,,,,,'-1,'-1,,,"http://localhost:8000/wp-content/uploads/2026/07/Alat-Suntik-Otomatis-2-ml.png ! alt :  ! title : Alat-Suntik-Otomatis-2-ml.png ! desc :  ! caption : ",,http://localhost:8000/product/alat-suntik-otomatis-2-ml-bahan-stainlis-alat-suntik-vaksin-otomatis-untuk-unggas-dll/,0,,,simple,outofstock,"Perlengakapan Ternak",,,,,,,
"IMECTIN 100 ML - Untuk Ektoparasit Dan Endoparasi Like Ivomec Super Dan Intermectin Super.",imectin-100-ml-untuk-ektoparasit-dan-endoparasi-like-ivomec-super-dan-intermectin-super,,346,"<strong>IMECTIN 100 ML</strong>

<strong>DOSIS DAN CARA PAKAI</strong>
<ul>
 	<li>Sapi 2 ml/100 kg BB</li>
 	<li>Domba, kambing 1 ml/50 Kg BB</li>
 	<li>Babi 1 ml/33 kg BB</li>
 	<li>Anjing, kucing dan kelinci 0,05-0,1 ml/5 kg BB</li>
</ul>
Ulangan untuk anjing dapat dilakukan setelah satu bulan (ekto.para.sit)

<strong>KEMASAN</strong>

100 ml",,Published,,0,"2026-07-02 17:28:50",1,open,TTS00184,,,no,no,,132500,,250,6,12,6,,,outofstock,no,no,,no,taxable,,,,,,'-1,'-1,,,"http://localhost:8000/wp-content/uploads/2026/07/Imectin-_-100-ml-ISSU.png ! alt :  ! title : Imectin-_-100-ml-ISSU.png ! desc :  ! caption : ",,http://localhost:8000/product/imectin-100-ml-untuk-ektoparasit-dan-endoparasi-like-ivomec-super-dan-intermectin-super/,0,,,simple,outofstock,"Obat Ternak",,,,,,,
"ZINC BACITRACIN 1 KG - QILU AGP - Untuk Pemacu Pertumbuhan Ternak Dan Broiler.",zinc-bacitracin-1-kg-qilu-agp-untuk-pemacu-pertumbuhan-ternak-dan-broiler,,347,"<strong>Bacitracin Zinc Premix</strong> adalah antibakteri untuk menghambat sintesis mucopeptida dengan menghalangi reaksi Phosphorylase-Catalyzer Non-Spesifik. Aplikasi klinis mampu berinteraksi secara sinergis ketika berkoordinasi dengan golongan antibiotik Penicilin, Streptomycin, Neomycin serta Colistin yang memiliki efek antagonis dengan Terramycin, Chlortetracyline, Kitasamycin, Enramycin, Virginiamycin dan Olaquindox.

<strong>INDIKASI</strong>

Sebagai pemacu pertumbuhan ternak, seperti; Sapi, Babi dan Unggas

<strong>DOSIS DAN ATURAN PAKAI</strong>

<strong>Dosis Normal</strong>

<strong>Unggas</strong>

Fase Starter: 1kg/ton pakan

Fase Grower: 500g/ton pakan

Fase Finisher: 300g/ton pakan

<strong>Babi</strong>

Fase Pertumbuhan: 2kg/ton pakan

Fase Penggemukan: 1kg/ton pakan

<strong>Sapi</strong>

Fase Pertumbuhan: 1kg/ton pakan

Fase Penggemukan: 500g/ton pakan

<strong>Dosis Umum</strong>

0.7-1.3kg/ton pakan selama 5-7 hari berturut

<strong>KOMPOSISI</strong>
<ul>
 	<li>Tiap kg mengandung:</li>
 	<li>Bacitracin Zinc...150g</li>
 	<li>Excipient to........100%</li>
</ul>
<strong>PRODUK ORIGIN</strong>

Qilu Pharma Co. Ltd.

REPACKAGE

Pack 500g",,Published,,0,"2026-07-02 17:28:51",1,open,TTS00185,,,no,no,,64000,,1000,7,29,16,,,outofstock,no,no,,no,taxable,,,,,,'-1,'-1,,,"http://localhost:8000/wp-content/uploads/2026/07/Zinc-Bacitracin-_-1-kg.png ! alt :  ! title : Zinc-Bacitracin-_-1-kg.png ! desc :  ! caption : ",,http://localhost:8000/product/zinc-bacitracin-1-kg-qilu-agp-untuk-pemacu-pertumbuhan-ternak-dan-broiler/,0,,,simple,outofstock,"Premix Ternak|Vitamin & Suplemen Ternak & Unggas",,,,,,,
"BIODIN INJ 50 ML - Penguat Otot dan Metabolisme Daya Tahan Tubuh Hewan Ternak.",biodin-inj-50-ml-penguat-otot-dan-metabolisme-daya-tahan-tubuh-hewan-ternak,,348,"<strong>Jenis hewan :</strong> Sapi, kuda, domba, kambing, babi, anjing, kucing, ayam aduan

<strong>Kandungan :</strong> Berfungsi memperbaiki proses metabolisme tubuh hewan sehingga meningkatkan kerja otot menjadi lebih baik dan daya tahan tubuh hewan lebih prima.

<strong>Spesifikasi obat : </strong>
<ul>
 	<li>Adenosin Triphosphat, sebagai energi cadangan siap pakai, berperan penting dalam proses metabolisme sel tubuh hewan.</li>
 	<li>Garam Aspartarte, berperan dalam mengatur keseimbangan ion-ion tubuh pada proses metabolisme sel tubuh hewan.</li>
 	<li>Sodium selenite, sangat berperan dalam mengatur reaksi enzimatis pada proses metabolisme sel &amp; berfungsi juga sebagai antioksidan.</li>
 	<li>Vitamin B12, berperan pada proses metabolisme tubuh hewan.</li>
</ul>
<strong>Indikasi : </strong>

Digunakan sebagai roboransia tubuh hewan secara umum, khususnya pada peningkatan kerja otot semua species hewan terutama pada keadaan :
<ul>
 	<li>Kelelahan sebelum &amp; sesudah transportasi,</li>
 	<li>Kelemahan akibat proses melahirkan,</li>
 	<li>Kekakuan otot pada semua hewan,</li>
 	<li>Keadaan myophati &amp; myositis akut pada hewan,</li>
 	<li>Menjaga stamina tetap prima pada hewan</li>
</ul>
<strong>Dosis pemakaian :</strong>
<ul>
 	<li>Sapi, kuda : 20 ml,</li>
 	<li>Anak sapi, anak kuda : 5-10 ml,</li>
 	<li>Domba, kambing, babi, anjing : 2-5 ml,</li>
 	<li>Kucing, ayam aduan : 1 ml.</li>
</ul>
Biodin dapat diberikan 3-4x suntikan.

Suntikan diberikan secara intramuskuler &amp; intravenosa.

Pemberian tiap 2-5 hari sekali.

<strong>Kemasan :</strong> Botol 50ml",,Published,,0,"2026-07-02 17:28:51",1,open,TTS00186,,,no,no,,58650,,150,7,10,7,,,instock,no,no,,no,taxable,,,,,,'-1,'-1,,,"http://localhost:8000/wp-content/uploads/2026/07/Biodin-_-50-ml.png ! alt :  ! title : Biodin-_-50-ml.png ! desc :  ! caption : ",,http://localhost:8000/product/biodin-inj-50-ml-penguat-otot-dan-metabolisme-daya-tahan-tubuh-hewan-ternak/,0,,,simple,,"Desinfektan & Antiseptik",,,,,,,
"NUTRINOS 1 KG - Susu Pengganti Susu Induk Dalam Kemasan Untuk Hewan Ternak.",nutrinos-1-kg-susu-pengganti-susu-induk-dalam-kemasan-untuk-hewan-ternak,,354,"<strong>NUTRINOS KEMASAN 1KG</strong>

Nutrinos 1kg adalah Feed Suplement berupa Susu Bubuk yang mengandung Nutrisi Mikro Lengkap terdiri dari Protein, Mineral, Asam Amino dan Multivitamin yang diformulasikan khusus untuk Hewan Ternak.  Maxinos berfungsi sebagai bahan tambahan yang diminumkan dan dicampurkan ke dalam Campuran Ransum Ternak dengan tujuan meningkatkan mutu pakan sehingga dapat memenuhi kebutuhan Gizi Ternak Harian serta menunjang kepada Produksi seperti Penggemukan, Pemerahan, &amp; Pertumbuhan.  Maxinos dapat diberikan kepada hewan &amp; bebagai macam Ternak seperti Kucing, Anjing, Babi, Sapi, Kuda, Domba, Kambing, Unggas hingga Ikan.

<strong>INDIKASI: </strong>
<ul>
 	<li>Meningkatkan Nafsu Makan Hewan Ternak &amp; Memperbaiki Metabbolisme Tubuh.</li>
 	<li>Mempercepat Pertumbuhan Hewan Ternak</li>
 	<li>Mencegah Penyakit akibat Defisiensi Nutrisi</li>
 	<li>Meningkatkan Efisiensi Penggunaan Pakan sehingga mampu Menurunkan Feed Conversi</li>
 	<li>Meningkatkan daya tahan tubuh dan meningkatkan produksi hewan ternak.</li>
 	<li>Mengatasi Keterbatasan Susu Induk (Menjadi Susu Pengganti) bagi anak sapi, kerbau, kuda, babi,  kambing, dan domba</li>
</ul>
<strong>Dosis &amp; Aturan Pakai sudah Tertera pada Kemasan! </strong>",,Published,,0,"2026-07-02 17:29:13",1,open,TTS00189,,,no,no,,20500,,1000,7,29,16,,,instock,no,no,,no,taxable,,,,,,'-1,'-1,,,"http://localhost:8000/wp-content/uploads/2026/07/Nutrinos-1kg-Susu.png ! alt :  ! title : Nutrinos-1kg-Susu.png ! desc :  ! caption : ",,http://localhost:8000/product/nutrinos-1-kg-susu-pengganti-susu-induk-dalam-kemasan-untuk-hewan-ternak/,0,,,simple,,"Susu Ternak",,,,,,,
"COLIBACT Inj 100 ML - Injeksi Untuk Sapi, Kambing, Kuda, Babi Dan Hewan Ternak Lainnya.",colibact-inj-100-ml-injeksi-untuk-sapi-kambing-kuda-babi-dan-hewan-ternak-lainnya,,355,"<strong>COLIBACT INJ 100 ML</strong>

<strong>DOSIS &amp; CARA PEMAKAIAN :</strong>
<ul>
 	<li>Sapi/Kuda/Kerbau : 6,25 - 12,5 ml ( 100-200 kg ) Inj Intra.mus.kuler ( &gt; 10ml suntik pada 2 sisi berbeda )</li>
 	<li>Anak Sapi/Anak Kuda/Anak Kerbau : 2,5 - 5 ml ( 40-80 kg ) Inj Intra.mus.kuler</li>
 	<li>Domba/Kambing : 2,5 - 5 ml ( 40-80 kg ) Inj Intra.mus.kuler ( &gt; 5ml suntik pada 2 sisi berbeda)</li>
 	<li>Babi : 3,25 - 6,25 ml ( 50-100 kg ) Inj Intra.mus.kuler</li>
 	<li>Anak Babi : 1 ml ( 15 kg ) Inj Intra.mus.kuler</li>
 	<li>Anjing/Kucing ( 2 - 10 kg ) : Encerkan 1 ml Colibact Inj dengan 2 ml aqua.des, ambil 0,4 - 2 ml dan suntikkan secara Intra.mus.kuler atau Sub.cutan</li>
 	<li>Unggas ( 1 - 2 kg ) : Encerkan 1 ml Colibact Inj dengan 15 ml aqua.des, ambil 1 - 2 ml dan suntikkan secara Intra.mus.kuler atau Sub.cutan</li>
</ul>
<strong>KEMASAN :</strong>

100 ml

<strong>PERHATIAN :</strong>
<ul>
 	<li>Dosis umum Colibact Inj : 1 ml/16 kgBB</li>
 	<li>Untuk pengobatan Mastitis masa laktasi : 1 ml/puting</li>
 	<li>Pemotongan hewan dapat dilakukan 3 hari setelah pemberian obat terakhir dihentikan.</li>
</ul>",,Published,,0,"2026-07-02 17:29:13",1,open,TTS00190,,,no,no,,155000,,250,6,12,6,,,instock,no,no,,no,taxable,,,,,,'-1,'-1,,,"http://localhost:8000/wp-content/uploads/2026/07/Colibact-Inj-100-ml.png ! alt :  ! title : Colibact-Inj-100-ml.png ! desc :  ! caption : ",,http://localhost:8000/product/colibact-inj-100-ml-injeksi-untuk-sapi-kambing-kuda-babi-dan-hewan-ternak-lainnya/,0,,,simple,,"Obat Ternak",,,,,,,
"PROCABEN LA 100 ML - AB Long Acting Untuk Hewan Ternak.",procaben-la-100-ml-ab-long-acting-untuk-hewan-ternak,,356,"<strong>PROCABEN LA 100 ML</strong>

<strong>DOSIS &amp; CARA PEMAKAIAN</strong>

Pemberian secara intra.mus.kular.

<strong>Umum :</strong> 1 ml per 10 kg berat badan. Ayam : 0,2 ml per kg berat badan.

Untuk sekali pen.goba.tan, jika diperlukan inj dapat diulang setelah 48 jam.

<strong>WAKTU HENTI OBAT</strong>

Daging : 14 hari Susu : 3hari

<strong>KEMASAN</strong>

100 ml",,Published,,0,"2026-07-02 17:29:13",1,open,TTS00191,,,no,no,,197700,,250,6,12,6,,,instock,no,no,,no,taxable,,,,,,'-1,'-1,,,"http://localhost:8000/wp-content/uploads/2026/07/Procaben-La-100-ml_-TMC.png ! alt :  ! title : Procaben-La-100-ml_-TMC.png ! desc :  ! caption : ",,http://localhost:8000/product/procaben-la-100-ml-ab-long-acting-untuk-hewan-ternak/,0,,,simple,,"Obat Ternak",,,,,,,
"HERBAL GROW PROMOTOR (HGP) 1 KG - Meningkatkan Pertumbuhan Ternak Ruminansia dan Unggas.",herbal-grow-promotor-hgp-1-kg-meningkatkan-pertumbuhan-ternak-ruminansia-dan-unggas,,357,"<strong>HERBAL GROW PROMOTOR (HGP) 1 KG</strong>

Kunyit merupakan antibiotik alami bagi ayam supaya gak gampang sakit yg berujung melancarkan produksi telur dan mempercepat pertumbuhan unggas..temu lawak punya fungsi untuk menambah nafsu makan pada ayam di saat fi gak terkejar supaya bb unggas tetap optimal..temu iteng punya fungsi untuk membersihkan cacing2 dan parasit2 lain dalam usus unggas sehingga pencernan tetap bagus dalam menyerap nutrisi pakan sehingga gak banyak kebuang melalui parasit dan feses..bawang puntih punya fungsi sangat bagus buat ayam untuk memperbanyak bakteri baik di usus dan menekan bakteri jahat di usus sehingga dalam proses penyerapan nutrisi protein kasar yg berupa bkk dan mbm dapat terserap sempurna..karena hanya bakteri baik ini yg bisa memproses pritein kasar jadi asam amino bagi tubuh ayam..klo bakteri baik banyak di usus bkk dan mbm di sentrat terserap sempurna gak banyak ke buang melalui feses..semua rempah2 ini tergabung dalam satu wadah yaitu herbal growh promotor atau hgp yg harganya sangat murah di banding kasiatnya.

<strong>Komposisi</strong> setiap kg HGP mengandung :

Bawang Putih, Kunir/Kunyit, Jahe, Temu Lawak, Temu Hitam ( Ireng ), Temu Giring, Kencur, Sambiluto, dll

<strong>Dosis :</strong> 3-4 HGP dicampur satu ton ransum pakan",,Published,,0,"2026-07-02 17:29:13",1,open,TTS00192,,,no,no,,19800,,1000,7,29,16,,,instock,no,no,,no,taxable,,,,,,'-1,'-1,,,"http://localhost:8000/wp-content/uploads/2026/07/Hgp-Herbal-Grow-Promotor-1-Kg.png ! alt :  ! title : Hgp-Herbal-Grow-Promotor-1-Kg.png ! desc :  ! caption : ",,http://localhost:8000/product/herbal-grow-promotor-hgp-1-kg-meningkatkan-pertumbuhan-ternak-ruminansia-dan-unggas/,0,,,simple,,"Vitamin & Suplemen Ternak & Unggas",,,,,,,
"HERBAL GROW PROMOTOR 1 ZAK 15 KG - Meningkatkan Pertumbuhan dan Produksi Telur Ayam Unggas",herbal-grow-promotor-1-zak-15-kg-meningkatkan-pertumbuhan-dan-produksi-telur-ayam-unggas,,358,"<strong>HERBAL GROW PROMOTOR HGP</strong>

Untuk Kesehatan dan Pertumbuhan Ternak Ruminansia dan Unggas

<strong>Kandungan dalam Herbal Grow Promotor :</strong>
<ul>
 	<li>KUNYIT merupakan antibiotik alami bagi unggas agar kesehatan tetap terjaga dan berpengaruh melancarkan produksi telur dan mempercepat pertumbuhan unggas.</li>
 	<li>TEMU LAWAK berfungsi untuk menambah nafsu makan pada ayam di saat Feed Intake tidak terkejar supaya Berat badan unggas tetap optimal.</li>
 	<li>TEMU HITAM berfungsi untuk membasmi cacing dan parasit lain dalam usus unggas sehingga pencernaan tetap baik dalam menyerap nutrisi pakan.</li>
 	<li>BAWANG PUTIH berfungsi sangat baik untuk menekan bakteri jahat di usus sehingga dalam proses penyerapan nutrisi.</li>
</ul>
<strong>Komposisi :</strong>

Setiap kg HGP mengandung bawang putih, kunir/kunyit, jahe, emu lawak, temu hitam, temu giring, kencur, sambiloto, dll

<strong>Dosis :</strong>

3-4 HGP dicampur satu ton ransum pakan",,Published,,0,"2026-07-02 17:29:14",1,open,TTS00192X15,,,no,no,,267500,,15000,42,42,12,,,instock,no,no,,no,taxable,,,,,,'-1,'-1,,,"http://localhost:8000/wp-content/uploads/2026/07/Hgp-Herbal-Grow-Promotor-15-Kg.png ! alt :  ! title : Hgp-Herbal-Grow-Promotor-15-Kg.png ! desc :  ! caption : ",,http://localhost:8000/product/herbal-grow-promotor-1-zak-15-kg-meningkatkan-pertumbuhan-dan-produksi-telur-ayam-unggas/,0,,,simple,,"Vitamin & Suplemen Ternak & Unggas",,,,,,,
"NEW COLAMOX 100 GRAM - ANTIBAKTERI Untuk Mengobati Penyakit Bakterial Pada Unggas Dan Ternak.",new-colamox-100-gram-antibakteri-untuk-mengobati-penyakit-bakterial-pada-unggas-dan-ternak,,363,"<strong>Komposisi :</strong>

Amoxycillin 200g

<strong>Deskripsi :</strong>

Amoxycillin merupakan antibiotika gol penicillin semisintetis yg efektif terhadap bakteri Gram-positif dan Gram-negatif.

<strong>Indikasi :</strong>

Unggas : Staphylococcosis, Streptococcosis, Fowl Cholera, Salmonellosis, Colibacillosis, Snot, dan infeksi bakteri yg peka terhadap Amoxycillin.

Babi : Diare, Pneumonia, Erysipelas dan infeksi bakteri yg peka terhadap Amoxycillin.

<strong>Dosis &amp; Cara Pemakaian :</strong>

<strong>Unggas :</strong>
<ul>
 	<li>Larutkan 1 gr Colamox dlm 2 Liter air minum</li>
 	<li>Pemberian dilakukan 2 kali sehari ( pagi dan sore )</li>
 	<li>Berikan selama 3 - 5 hari berturut-turut.</li>
</ul>
<strong>Babi :</strong>
<ul>
 	<li>Larutkan dalam air minum 2 kali sehari ( pagi dan sore )</li>
 	<li>Berikan pada 2 hari sebelum dan sesudah melahirkan</li>
</ul>
<strong>Kemasan :</strong>

100 gr",,Published,,0,"2026-07-02 17:29:48",1,open,TTS00193,,,no,no,,60700,,150,5,14,4,,,outofstock,no,no,,no,taxable,,,,,,'-1,'-1,,,"http://localhost:8000/wp-content/uploads/2026/07/New-Colamox-100-Gram.png ! alt :  ! title : New-Colamox-100-Gram.png ! desc :  ! caption : ",,http://localhost:8000/product/new-colamox-100-gram-antibakteri-untuk-mengobati-penyakit-bakterial-pada-unggas-dan-ternak/,0,,,simple,outofstock,"Obat Ternak",,,,,,,
"OSTEOVITA 50 KAPSUL BY EKA FARMA - Vitamin Ayam Untuk Aduan, Penguat Kaki Dan Pukulan.",osteovita-50-kapsul-by-eka-farma-vitamin-ayam-untuk-aduan-penguat-kaki-dan-pukulan,,364,"<strong>OSTEOVITA 50 KAPSUL EKA FARMA</strong>

OSTEOVITA Obat untuk meningkatkan kekuatan otot kaki ayam aduan.

<strong>INDIKASI</strong>

Mencegah dan mengobati gangguan otot kaki pada ayam aduan, dan pukulan lebih dahsyat

<strong>KOMPOSISI</strong>
<ul>
 	<li>Vitamin A ...........2000 IU</li>
 	<li>Vitamin D3.......... 400 IU</li>
 	<li>Vitamin E ...............10 IU</li>
 	<li>Vitamin B1............. 4 mg</li>
 	<li>Vitamin B2............. 2 mg</li>
 	<li>Vitamin B6............. 3 mg</li>
 	<li>Calcium..................10 %</li>
</ul>
<strong>CARA PEMAKAIAN</strong>

Pencegahan : 1x kapsul/hari

Pengobatan : 3x kapsul/hari

<strong>ISI</strong>

50 KAPSUL",,Published,,0,"2026-07-02 17:29:48",1,open,TTS00194,,,no,no,,23000,,100,5,5,8,,,instock,no,no,,no,taxable,,,,,,'-1,'-1,,,"http://localhost:8000/wp-content/uploads/2026/07/Osteovita-50-Kapsul.png ! alt :  ! title : Osteovita-50-Kapsul.png ! desc :  ! caption : ",,http://localhost:8000/product/osteovita-50-kapsul-by-eka-farma-vitamin-ayam-untuk-aduan-penguat-kaki-dan-pukulan/,0,,,simple,,"Vitamin & Suplemen Ternak & Unggas",,,,,,,
"AMOXITIN 250 GRAM BY MEDION - Untuk Ayam Mengatasi Korisa, Pencernaan Dll.",amoxitin-250-gram-by-medion-untuk-ayam-mengatasi-korisa-pencernaan-dll,,365,"<strong>AMOXITIN 250 GRAM MEDION</strong>

<strong>KEUNGGULAN</strong>

Ampuh dan Berspektrum Luas

AMOXITIN terbukti ampuh mengatasi in.feksi bakteri, seperti kasus ko.risa. Hal ini terbukti dari hasil trial AMOXITIN dalam mengatasi ko.risa (grafik 1)

Trial dilakukan pada ayam spesific pat.ho.gen free (SPF) yang ditantang (diinoku.lasi) dengan

2 x 108 CFU/ml bakteri Hae.mo.phil.lus para.galli.narum se.roti.pe C. AMOXITIN diberikan diberikan

2 kali sehari selama 5 hari berturut-turut

Selain H. para.gal.lin.arum, AMOXITIN ampuh mengatasi in.fek.si bakteri Gram (+) maupun Gram (-) karena memiliki spektrum kerja yang luas

Cepat Terserap

AMOXITIN cepat terserap dan terdistribusi ke jaringan yang ter.infe.ksi sehingga daya kerja lebih cepat dalam mengatasi bibit penyakit

<strong>KEMASAN :</strong>

250 gram",,Published,,0,"2026-07-02 17:29:49",1,open,TTS00196,,,no,no,,112700,,250,7,18,6,,,outofstock,no,no,,no,taxable,,,,,,'-1,'-1,,,"http://localhost:8000/wp-content/uploads/2026/07/Amoxitin-250g-_-Medion.png ! alt :  ! title : Amoxitin-250g-_-Medion.png ! desc :  ! caption : ",,http://localhost:8000/product/amoxitin-250-gram-by-medion-untuk-ayam-mengatasi-korisa-pencernaan-dll/,0,,,simple,outofstock,"Obat Unggas",,,,,,,
